,Unnamed: 0,Title,Square,Price,Room,Floor,Building floor,Renovation,Material,Address,Lift,Bathroom,Washing machine,TV,Microwave oven,Playground,Furniture,Refrigerator,Air conditioner,Wifi,Cable,Security,Video surveillance,Parking space
0,0,2-комнатная квартира на продажу,60.08 м²,61 000 у.е.,2,2,9,Требует ремонта,Панельный,"город Ташкент, Яшнободский район, махаллинский сход граждан Истиклол",1,0,0,0,0,0,0,0,0,0,0,0,0,0
1,1,4-комнатная квартира на продажу,95 м²,80 000 у.е.,4,5,9,Евроремонт,Панельный,"город Ташкент, Сергелийский район, махаллинский сход граждан Эзгулик",1,1,0,0,0,1,1,0,1,1,1,0,0,1
2,2,1-комнатная квартира на продажу,37.9 м²,55 000 у.е.,1,8,9,Евроремонт,Другое,"город Ташкент, Яшнободский район, жилой комплекс Assalom! Sohil, Фергана Йули",1,0,0,0,0,1,1,1,0,1,1,1,1,1
3,3,1-комнатная квартира на продажу,37 м²,66 000 у.е.,1,2,5,Евроремонт,Кирпичный,"город Ташкент, Чиланзарский район, квартал Е, улица Мукими",0,0,0,0,0,0,0,0,0,0,0,0,0,0
4,4,4-комнатная квартира на продажу,127 м²,206 000 у.е.,4,2,5,Средний,Кирпичный,"город Ташкент, Яшнободский район, махаллинский сход граждан Туйтепа, 1-й проезд Садыка Азимова",0,0,0,0,0,0,0,0,0,0,0,0,0,0
5,5,2-комнатная квартира на продажу,60 м²,82 000 у.е.,2,4,5,Евроремонт,Кирпичный,"город Ташкент, Шайхантахурский район, массив Актепа",0,0,0,0,0,0,0,0,0,0,0,0,0,0
6,6,5-комнатная квартира на продажу,115 м²,105 000 у.е.,5,5,5,Авторский проект,Другое,"город Ташкент, Мирзо-Улугбекский район, массив Ахмада Югнаки",0,1,1,0,1,1,1,1,1,1,0,0,0,1
7,7,3-комнатная квартира на продажу,68 м²,69 000 у.е.,3,2,4,Средний,Панельный,"город Ташкент, Юнусабадский район, махаллинский сход граждан Ахмад Дониш",0,0,0,0,0,0,0,0,0,0,0,0,0,0
8,8,3-комнатная квартира на продажу,74 м²,128 000 у.е.,3,3,9,Евроремонт,Панельный,"город Ташкент, Мирзо-Улугбекский район, махаллинский сход граждан Шахрисабз, улица Шахрисабз",1,0,0,0,0,0,0,0,0,0,0,0,0,0
9,9,5-комнатная квартира на продажу,115 м²,140 000 у.е.,5,6,9,Средний,Панельный,"город Ташкент, Яккасарайский район, махаллинский сход граждан Шахжахан, улица Шох-Жахон",1,0,0,0,0,0,0,0,0,0,0,0,0,0
10,10,1-комнатная квартира на продажу,27 м²,55 000 у.е.,1,1,4,Евроремонт,Кирпичный,"город Ташкент, Чиланзарский район, 1-й квартал, улица Лабихавуз",0,0,0,0,0,0,0,0,0,0,0,0,0,0
11,11,1-комнатная квартира на продажу,42 м²,42 000 у.е.,1,9,12,Черновая отделка,Блочный,"город Ташкент, Яшнободский район, махаллинский сход граждан Олмос, 1-й тупик Бахт Кули",1,0,0,0,0,1,0,0,0,0,0,1,1,0
12,12,4-комнатная квартира на продажу,3 м²,113 000 у.е.,4,6,9,Евроремонт,Панельный,"город Ташкент, Шайхантахурский район, массив Хадра",1,1,1,1,1,1,1,1,1,1,1,0,1,1
13,13,2-комнатная квартира на продажу,45 м²,74 000 у.е.,2,3,4,Евроремонт,Панельный,"город Ташкент, Чиланзарский район, 2-й квартал",0,0,0,0,0,0,0,0,0,0,0,0,0,0
14,14,2-комнатная квартира на продажу,73 м²,81 000 у.е.,2,4,8,Евроремонт,Кирпичный,"город Ташкент, Мирзо-Улугбекский район, махаллинский сход граждан Гульсанам",1,0,0,0,0,0,0,0,0,0,0,0,0,0
15,15,1-комнатная квартира на продажу,42 м²,48 500 у.е.,1,3,4,Средний,Блочный,"город Ташкент, Юнусабадский район, махаллинский сход граждан Акбарабад",0,0,0,0,0,1,0,0,0,1,1,0,1,0
16,16,4-комнатная квартира на продажу,85 м²,39 900 у.е.,4,1,1,Авторский проект,Кирпичный,"Ташкентская область, Нурафшан",0,0,0,0,0,0,0,0,0,0,0,0,0,0
17,17,1-комнатная квартира на продажу,27 м²,39 300 у.е.,1,1,3,Евроремонт,Кирпичный,"город Ташкент, Мирзо-Улугбекский район, махаллинский сход граждан Навнихол, улица Музрабад",0,0,1,1,1,0,1,1,0,1,0,0,0,0
18,18,3-комнатная квартира на продажу,65 м²,68 000 у.е.,3,8,9,Средний,Кирпичный,"город Ташкент, Мирзо-Улугбекский район, махаллинский сход граждан Азамат",1,0,0,0,0,0,0,0,0,0,0,0,0,0
19,19,1-комнатная квартира на продажу,28 м²,49 000 у.е.,1,3,5,Евроремонт,Кирпичный,"город Ташкент, Мирзо-Улугбекский район, махаллинский сход граждан Богимайдан",0,0,0,0,0,0,0,0,0,0,0,0,0,0
20,20,3-комнатная квартира на продажу,78 м²,80 500 у.е.,3,3,5,Авторский проект,Панельный,"город Ташкент, Юнусабадский район, махаллинский сход граждан Юнус Ата",0,0,0,0,0,0,0,0,0,0,0,0,0,0
21,21,2-комнатная квартира на продажу,50 м²,83 000 у.е.,2,3,4,Евроремонт,Кирпичный,"город Ташкент, Юнусабадский район, массив Минор",0,0,1,1,0,0,1,1,1,0,0,0,0,0
22,22,3-комнатная квартира на продажу,68 м²,62 000 у.е.,3,2,5,Требует ремонта,Кирпичный,"город Ташкент, Мирабадский район, махаллинский сход граждан Карасу, улица Абдурауфа Фитрата",0,0,0,0,0,0,0,0,0,0,0,0,0,0
23,23,3-комнатная квартира на продажу,67 м²,68 000 у.е.,3,4,4,Средний,Панельный,"город Ташкент, Учтепинский район, махаллинский сход граждан Кухна-Чапаната",0,0,0,0,0,0,0,0,0,0,0,0,0,0
24,24,3-комнатная квартира на продажу,70 м²,86 000 у.е.,3,2,5,Средний,Кирпичный,"город Ташкент, Мирзо-Улугбекский район, массив Буз-2, улица Узумзор",0,0,0,0,0,0,0,0,0,0,0,0,0,0
25,25,2-комнатная квартира на продажу,45 м²,79 900 у.е.,2,2,4,Евроремонт,Панельный,"город Ташкент, Чиланзарский район, махаллинский сход граждан Дилабад",0,0,0,0,0,0,0,0,0,0,0,0,0,0
26,26,1-комнатная квартира на продажу,30 м²,41 500 у.е.,1,1,4,Авторский проект,Панельный,"город Ташкент, Учтепинский район, 22-й квартал",0,0,0,0,0,1,0,0,0,0,0,0,0,0
27,27,4-комнатная квартира на продажу,93.08 м²,104 000 у.е.,4,2,9,Средний,Панельный,"город Ташкент, Юнусабадский район, махаллинский сход граждан Халкабог",1,0,1,1,0,1,1,1,1,1,0,1,1,0
28,28,1-комнатная квартира на продажу,28 м²,33 000 у.е.,1,3,4,Евроремонт,Кирпичный,"город Ташкент, Мирзо-Улугбекский район, махаллинский сход граждан Шалола, 2-й проезд Хирот",0,0,0,0,0,1,1,1,0,1,0,0,0,1
29,29,2-комнатная квартира на продажу,83 м²,165 000 у.е.,2,3,10,Евроремонт,Другое,"город Ташкент, Юнусабадский район, махаллинский сход граждан Буюк Туран, проспект Амира Темура",1,0,0,0,0,0,0,0,0,0,0,0,0,0
30,30,2-комнатная квартира на продажу,65 м²,173 000 у.е.,2,6,12,Черновая отделка,Другое,"город Ташкент, Яшнободский район, махаллинский сход граждан Туйтепа, улица Садыка Азимова",1,0,0,0,0,0,0,0,0,0,0,0,0,0
31,31,1-комнатная квартира на продажу,29 м²,37 000 у.е.,1,9,16,Черновая отделка,Блочный,"город Ташкент, Мирзо-Улугбекский район, Assalom Bog'lar TJM",1,0,0,0,0,0,0,0,0,0,0,0,0,0
32,32,1-комнатная квартира на продажу,25 м²,28 500 у.е.,1,1,3,Авторский проект,Кирпичный,"город Ташкент, Мирзо-Улугбекский район, 4-й квартал",0,0,0,0,0,0,0,0,0,0,0,0,0,0
33,33,1-комнатная квартира на продажу,54 м²,39 000 у.е.,1,12,12,Требует ремонта,Монолитный,"город Ташкент, Чиланзарский район, махаллинский сход граждан Бек-Тупи, улица Сугалли-ота",1,0,0,0,0,0,0,0,0,0,0,0,0,0
34,34,2-комнатная квартира на продажу,41 м²,67 000 у.е.,2,3,4,Авторский проект,Панельный,"город Ташкент, Чиланзарский район, махаллинский сход граждан Катта Чиланзар-3",0,0,0,0,0,0,0,0,0,0,0,0,0,0
35,35,1-комнатная квартира на продажу,56 м²,52 000 у.е.,1,7,10,Черновая отделка,Кирпичный,"город Ташкент, Сергелийский район, массив Сергели-VIа",1,0,0,0,0,1,0,0,0,0,0,0,0,1
36,36,2-комнатная квартира на продажу,50 м²,59 000 у.е.,2,4,4,Средний,Панельный,"город Ташкент, Чиланзарский район, махаллинский сход граждан Нафосат",0,0,0,0,0,0,0,0,0,0,0,0,0,0
37,37,1-комнатная квартира на продажу,19 м²,27 500 у.е.,1,5,5,Евроремонт,Кирпичный,"город Ташкент, Яккасарайский район, махаллинский сход граждан Дилбулак, улица Кушбеги",0,0,0,0,0,0,0,0,0,0,0,0,0,0
38,38,3-комнатная квартира на продажу,78 м²,89 500 у.е.,3,1,4,Евроремонт,Другое,"город Ташкент, Алмазарский район, массив Олимпия",0,1,1,1,1,1,1,1,1,1,1,0,0,1
39,39,2-комнатная квартира на продажу,76 м²,89 000 у.е.,2,9,9,Средний,Блочный,"город Ташкент, Юнусабадский район, махаллинский сход граждан Кашгар, улица Буюк Турон",1,0,0,0,0,0,0,0,0,0,0,0,0,0
40,40,1-комнатная квартира на продажу,52 м²,58 000 у.е.,1,9,9,Требует ремонта,Монолитный,"город Ташкент, Мирабадский район, махаллинский сход граждан Мирабад, улица Нукус",1,0,0,0,0,0,0,0,0,0,0,0,0,0
41,41,2-комнатная квартира на продажу,60 м²,62 000 у.е.,2,5,9,Евроремонт,Монолитный,"город Ташкент, Чиланзарский район, махаллинский сход граждан Кизил-Шарк",1,0,0,0,0,0,0,0,0,0,0,0,0,0
42,42,5-комнатная квартира на продажу,180 м²,218 000 у.е.,5,2,5,Требует ремонта,Кирпичный,"город Ташкент, Шайхантахурский район, массив Бешагач",0,0,0,0,0,0,0,0,0,0,0,0,0,0
43,43,3-комнатная квартира на продажу,74 м²,80 500 у.е.,3,4,5,Средний,Кирпичный,"город Ташкент, Чиланзарский район, махаллинский сход граждан Лутфий, улица Лутфий",0,0,0,0,0,0,0,0,0,0,0,0,0,0
44,44,3-комнатная квартира на продажу,113 м²,130 000 у.е.,3,4,4,Средний,Кирпичный,"город Ташкент, Мирзо-Улугбекский район, махаллинский сход граждан Сайрам, улица Сайрам",0,1,1,1,0,0,1,1,0,0,0,0,0,0
45,45,1-комнатная квартира на продажу,42 м²,52 000 у.е.,1,1,4,Авторский проект,Кирпичный,"город Ташкент, Яшнободский район, махаллинский сход граждан Куксарой, 1-й проезд Алимкент",0,0,0,0,0,0,1,0,0,1,0,1,1,1
46,46,1-комнатная квартира на продажу,30 м²,48 800 у.е.,1,2,4,Евроремонт,Панельный,"город Ташкент, Чиланзарский район, махаллинский сход граждан Ак-Тепа",0,0,0,0,0,0,0,0,0,0,0,0,0,0
47,47,1-комнатная квартира на продажу,38 м²,49 350 у.е.,1,3,4,Евроремонт,Панельный,"город Ташкент, Чиланзарский район, махаллинский сход граждан Яккатут",0,1,1,1,0,1,1,1,1,1,1,0,0,1
48,48,4-комнатная квартира на продажу,72 м²,76 000 у.е.,4,4,4,Средний,Кирпичный,"город Ташкент, Яшнободский район, квартал Авиасозлар, 4-й проезд Авиасозлар",0,1,0,0,0,1,0,0,0,1,1,0,0,1
49,49,3-комнатная квартира на продажу,73 м²,75 000 у.е.,3,1,9,Евроремонт,Монолитный,"город Ташкент, Учтепинский район, махаллинский сход граждан Ватан",1,0,0,0,0,0,0,0,0,0,0,0,0,0
50,50,3-комнатная квартира на продажу,82 м²,115 000 у.е.,3,4,4,Евроремонт,Кирпичный,"город Ташкент, Мирабадский район, махаллинский сход граждан Мингурик, улица Тараса Шевченко",1,0,1,1,1,1,1,1,1,1,1,0,0,1
51,51,2-комнатная квартира на продажу,55 м²,83 999 у.е.,2,6,9,Евроремонт,Кирпичный,"город Ташкент, Чиланзарский район, махаллинский сход граждан Бешчинар",1,1,1,1,0,1,1,1,1,1,1,1,0,1
52,52,4-комнатная квартира на продажу,87 м²,85 000 у.е.,4,3,4,Средний,Кирпичный,"город Ташкент, Алмазарский район, махаллинский сход граждан Шодиёна",0,0,0,0,0,0,0,0,0,0,0,0,0,0
53,53,2-комнатная квартира на продажу,60 м²,67 800 у.е.,2,2,9,Евроремонт,Монолитный,"город Ташкент, Юнусабадский район, 12-й квартал, 7-й проезд Кулолкургон",1,0,0,0,0,0,0,0,0,0,0,0,0,0
54,54,3-комнатная квартира на продажу,63 м²,80 000 у.е.,3,2,5,Средний,Панельный,"город Ташкент, Чиланзарский район, квартал Ц, улица Мехр",0,0,0,0,0,0,0,0,0,0,0,0,0,0
55,55,3-комнатная квартира на продажу,82 м²,81 000 у.е.,3,2,8,Черновая отделка,Кирпичный,"город Ташкент, Яшнободский район, махаллинский сход граждан Семург, улица Паркент",1,0,0,0,0,0,0,0,0,0,0,0,0,0
56,56,1-комнатная квартира на продажу,34 м²,68 500 у.е.,1,3,8,Евроремонт,Кирпичный,"город Ташкент, Яккасарайский район, махаллинский сход граждан Дилбулак, улица Шота Руставели",1,0,0,0,0,0,0,0,0,0,0,0,0,0
57,57,2-комнатная квартира на продажу,50 м²,69 555 у.е.,2,3,4,Евроремонт,Панельный,"город Ташкент, Чиланзарский район, махаллинский сход граждан Кичик Хирмантепа",0,0,0,0,0,0,0,0,0,0,0,0,0,0
58,58,3-комнатная квартира на продажу,80 м²,310 000 у.е.,3,4,11,Евроремонт,Блочный,"город Ташкент, Мирабадский район, жилой комплекс Mirabad Avenue, 2-й проезд Катта Миробод",1,0,0,0,0,0,0,0,0,0,0,0,0,0
59,59,2-комнатная квартира на продажу,45 м²,60 000 у.е.,2,3,4,Требует ремонта,Панельный,"город Ташкент, Чиланзарский район, махаллинский сход граждан Катта Чиланзар-2, улица Арнасай",0,0,0,0,0,0,0,0,0,0,0,0,0,0
60,60,5-комнатная квартира на продажу,228 м²,230 000 у.е.,5,9,10,Черновая отделка,Кирпичный,"город Ташкент, Юнусабадский район, махаллинский сход граждан Минор",1,0,0,0,0,0,0,0,0,0,0,0,0,0
61,61,2-комнатная квартира на продажу,45 м²,85 000 у.е.,2,6,9,Евроремонт,Кирпичный,"город Ташкент, Яккасарайский район, махаллинский сход граждан Богсарай, улица Мирабад",1,0,0,0,0,0,0,0,0,0,0,0,0,0
62,62,2-комнатная квартира на продажу,53 м²,56 000 у.е.,2,3,4,Средний,Панельный,"город Ташкент, Учтепинский район, махаллинский сход граждан Багабад",0,1,0,0,0,1,1,0,0,1,1,0,0,1
63,63,3-комнатная квартира на продажу,109 м²,215 000 у.е.,3,7,10,Евроремонт,Кирпичный,"город Ташкент, Яккасарайский район, жилой комплекс Милано",1,0,0,0,0,0,0,0,0,0,0,0,0,0
64,64,4-комнатная квартира на продажу,140 м²,270 000 у.е.,4,6,10,Евроремонт,Кирпичный,"город Ташкент, Чиланзарский район, махаллинский сход граждан Чиланзар, улица Мукими",1,0,0,0,0,0,0,0,0,0,0,0,0,0
65,65,4-комнатная квартира на продажу,99 м²,220 000 у.е.,4,4,11,Евроремонт,Кирпичный,"город Ташкент, Мирзо-Улугбекский район, махаллинский сход граждан Аккурган, улица Урицкого",1,0,0,0,0,0,0,0,0,0,0,0,0,0
66,66,4-комнатная квартира на продажу,173 м²,480 000 у.е.,4,4,8,Евроремонт,Кирпичный,"город Ташкент, Мирабадский район, махаллинский сход граждан Лолазар, улица Айбека",1,0,0,0,0,0,0,0,0,0,0,0,0,0
67,67,2-комнатная квартира на продажу,65 м²,108 000 у.е.,2,4,4,Евроремонт,Кирпичный,"город Ташкент, Яккасарайский район, махаллинский сход граждан Юнус Раджаби, улица Богсарой",0,0,0,0,0,0,0,0,0,0,0,0,0,0
68,68,2-комнатная квартира на продажу,51 м²,81 000 у.е.,2,3,9,Евроремонт,Кирпичный,"город Ташкент, Мирзо-Улугбекский район, массив Буз-1, проезд Каландар",1,0,0,0,0,0,0,0,0,0,0,0,0,0
69,69,2-комнатная квартира на продажу,65 м²,105 000 у.е.,2,3,9,Евроремонт,Панельный,"город Ташкент, Мирабадский район, махаллинский сход граждан Афрасиаб, улица Шахрисабз",1,0,0,0,0,0,0,0,0,0,0,0,0,0
70,70,2-комнатная квартира на продажу,57 м²,82 000 у.е.,2,3,4,Средний,Другое,"город Ташкент, Юнусабадский район, махаллинский сход граждан Богиэрам",0,1,0,0,0,0,0,0,0,0,0,0,0,0
71,71,5-комнатная квартира на продажу,112 м²,105 000 у.е.,5,3,5,Средний,Панельный,"город Ташкент, Юнусабадский район, махаллинский сход граждан Бегубор",0,0,0,0,0,0,0,0,0,0,0,0,0,0
72,72,2-комнатная квартира на продажу,76 м²,89 000 у.е.,2,9,9,Средний,Блочный,"город Ташкент, Мирабадский район, махаллинский сход граждан Шараф Рашидов, улица Чимкент",1,0,0,0,0,0,0,0,0,0,0,0,0,0
73,73,2-комнатная квартира на продажу,54 м²,75 000 у.е.,2,2,3,Средний,Кирпичный,"город Ташкент, Яккасарайский район, махаллинский сход граждан Юнус Раджаби, площадь Космонавтов",0,0,0,0,0,0,0,0,0,0,0,0,0,0
74,74,5-комнатная квартира на продажу,1 100 м²,150 000 у.е.,5,1,1,Средний,Кирпичный,"город Ташкент, Бектемирский район, Йик-Ата, 2-й проезд улица Фазилат",0,0,0,0,0,0,0,0,0,0,0,0,0,0
75,75,4-комнатная квартира на продажу,125 м²,200 000 у.е.,4,1,5,Евроремонт,Кирпичный,"город Ташкент, Чиланзарский район, махаллинский сход граждан Навбахор, улица Мехр",0,0,0,0,0,0,0,0,0,0,0,0,0,0
76,76,3-комнатная квартира на продажу,70 м²,45 000 у.е.,3,4,4,Средний,Кирпичный,"Ташкентская область, Янгиюль, Самаркандская улица",0,0,0,0,0,0,0,0,0,0,0,0,0,0
77,77,2-комнатная квартира на продажу,30 м²,41 250 у.е.,2,1,4,Евроремонт,Кирпичный,"город Ташкент, Учтепинский район, махаллинский сход граждан Найман",0,1,0,0,0,1,1,0,0,1,1,0,0,1
78,78,3-комнатная квартира на продажу,66 м²,78 000 у.е.,3,3,4,Требует ремонта,Кирпичный,"город Ташкент, Мирзо-Улугбекский район, махаллинский сход граждан Олий Химмат, улица Зиёлилар",0,0,0,0,0,0,0,0,0,0,0,0,0,0
79,79,4-комнатная квартира на продажу,90 м²,169 000 у.е.,4,8,9,Авторский проект,Панельный,"город Ташкент, Мирабадский район, массив Госпитальный",1,1,1,1,1,1,1,1,1,1,1,0,0,0
80,80,3-комнатная квартира на продажу,48 м²,68 000 у.е.,3,2,4,Евроремонт,Панельный,"город Ташкент, Чиланзарский район, махаллинский сход граждан Заркурган, улица Ботирма",0,1,1,1,1,1,1,1,1,1,1,0,1,1
81,81,2-комнатная квартира на продажу,52 м²,58 500 у.е.,2,4,5,Средний,Кирпичный,"город Ташкент, Учтепинский район, 26-й квартал",0,0,0,0,0,0,0,0,0,0,0,0,0,0
82,82,2-комнатная квартира на продажу,57 м²,63 000 у.е.,2,1,4,Требует ремонта,Другое,"город Ташкент, Алмазарский район, махаллинский сход граждан Алтынсай",0,0,0,0,0,0,0,0,0,0,0,0,0,0
83,83,1-комнатная квартира на продажу,38 м²,53 500 у.е.,1,3,4,Евроремонт,Панельный,"город Ташкент, Юнусабадский район, 1-й квартал, проспект Амира Темура",0,1,1,1,0,0,0,1,1,1,0,0,0,0
84,84,3-комнатная квартира на продажу,75 м²,125 000 у.е.,3,3,4,Евроремонт,Другое,"город Ташкент, Яккасарайский район, махаллинский сход граждан Ракат, улица Шота Руставели",0,0,0,1,1,0,1,1,1,0,0,0,0,1
85,85,2-комнатная квартира на продажу,60 м²,135 000 у.е.,2,4,4,Евроремонт,Кирпичный,"город Ташкент, Мирабадский район, махаллинский сход граждан Айбек, улица Шахрисабз",0,0,0,0,0,0,0,0,0,0,0,0,0,0
86,86,1-комнатная квартира на продажу,37 м²,65 000 у.е.,1,4,9,Евроремонт,Блочный,"город Ташкент, Яккасарайский район, махаллинский сход граждан Хамид Сулаймонов, улица Шота Руставели",1,0,0,0,0,0,0,0,0,0,0,0,0,0
87,87,4-комнатная квартира на продажу,112 м²,115 000 у.е.,4,7,9,Средний,Блочный,"город Ташкент, Мирзо-Улугбекский район, махаллинский сход граждан Нур, улица Шастри",1,0,0,0,0,0,0,0,0,0,0,0,0,0
88,88,3-комнатная квартира на продажу,78 м²,79 500 у.е.,3,4,5,Евроремонт,Панельный,"город Ташкент, Юнусабадский район, 10-й квартал",0,1,0,0,0,1,1,0,1,1,1,0,0,0
89,89,2-комнатная квартира на продажу,50 м²,75 000 у.е.,2,3,4,Евроремонт,Кирпичный,"город Ташкент, Юнусабадский район, махаллинский сход граждан Адолат",0,1,1,1,1,1,1,1,1,1,1,1,1,1
90,90,2-комнатная квартира на продажу,50 м²,54 500 у.е.,2,2,4,Требует ремонта,Панельный,"город Ташкент, Юнусабадский район, 7-й квартал",0,0,0,0,0,0,0,0,0,0,0,0,0,0
91,91,3-комнатная квартира на продажу,60 м²,82 000 у.е.,3,4,5,Авторский проект,Кирпичный,"город Ташкент, Чиланзарский район, махаллинский сход граждан Лутфий, площадь Актепа",0,0,1,1,0,1,1,1,1,1,1,0,1,1
92,92,1-комнатная квартира на продажу,33.23 м²,36 000 у.е.,1,2,3,Средний,Кирпичный,"город Ташкент, Яшнободский район, махаллинский сход граждан Ахмад Яссавий, улица Алимкент",0,0,0,0,0,0,0,0,0,0,0,0,0,0
93,93,2-комнатная квартира на продажу,72 м²,82 000 у.е.,2,2,3,Средний,Кирпичный,"город Ташкент, Яшнободский район, махаллинский сход граждан Гузал, улица Гузаль",0,1,1,1,1,1,1,1,1,1,0,0,0,1
94,94,3-комнатная квартира на продажу,65 м²,85 000 у.е.,3,4,5,Евроремонт,Монолитный,"город Ташкент, Чиланзарский район, махаллинский сход граждан Навбахор",0,0,0,0,0,0,0,0,0,0,0,0,0,0
95,95,3-комнатная квартира на продажу,152 м²,215 000 у.е.,3,3,9,Евроремонт,Панельный,"город Ташкент, Мирабадский район, махаллинский сход граждан Айбек, улица Айбека",1,0,0,0,0,0,0,0,0,0,0,0,0,0
96,96,3-комнатная квартира на продажу,64 м²,72 000 у.е.,3,1,3,Евроремонт,Панельный,"город Ташкент, Учтепинский район, 13-й квартал",0,0,0,0,0,0,0,0,0,0,0,0,0,0
97,97,4-комнатная квартира на продажу,126 м²,175 000 у.е.,4,5,6,Черновая отделка,Кирпичный,"город Ташкент, Мирзо-Улугбекский район, махаллинский сход граждан Лашкарбеги, улица Кары-Ниязи",1,0,0,0,0,0,0,0,0,0,0,0,0,0
98,98,4-комнатная квартира на продажу,105 м²,100 000 у.е.,4,10,10,Требует ремонта,Кирпичный,"город Ташкент, Яшнободский район, махаллинский сход граждан Машинасозлар, улица Махтумкули",1,0,0,0,0,0,0,0,0,0,0,0,0,0
99,99,3-комнатная квартира на продажу,75 м²,80 000 у.е.,3,3,4,Средний,Кирпичный,"город Ташкент, Учтепинский район, махаллинский сход граждан Нурабад, улица Маданият",0,1,0,0,0,1,0,0,0,1,1,0,1,1
100,100,2-комнатная квартира на продажу,44 м²,42 000 у.е.,2,5,10,Средний,Блочный,"город Ташкент, Янгихаётский район, махаллинский сход граждан Хушнуд, улица Кипчак",1,1,0,0,0,0,1,0,1,1,0,0,1,0
101,101,1-комнатная квартира на продажу,37 м²,44 000 у.е.,1,2,7,Средний,Монолитный,"город Ташкент, Янгихаётский район, махаллинский сход граждан Янги Чоштепа, улица Узар",1,1,0,1,0,1,1,1,1,1,1,1,1,1
102,102,3-комнатная квартира на продажу,79 м²,77 000 у.е.,3,5,5,Евроремонт,Кирпичный,"город Ташкент, Мирзо-Улугбекский район, махаллинский сход граждан Минглола",0,1,1,1,0,0,1,0,1,0,1,0,0,0
103,103,4-комнатная квартира на продажу,86 м²,92 000 у.е.,4,1,9,Авторский проект,Панельный,"город Ташкент, Яшнободский район, махаллинский сход граждан Яшнобод, улица Лисунова",1,0,0,0,0,0,0,0,0,0,0,0,0,0
104,104,2-комнатная квартира на продажу,47 м²,50 200 у.е.,2,4,4,Требует ремонта,Панельный,"город Ташкент, Чиланзарский район, 8-й квартал",0,0,0,0,0,0,0,0,0,0,0,0,0,0
105,105,2-комнатная квартира на продажу,47 м²,54 600 у.е.,2,2,4,Средний,Панельный,"город Ташкент, Учтепинский район, махаллинский сход граждан Кургантепа",0,0,0,0,0,0,0,0,0,0,0,0,0,0
106,106,2-комнатная квартира на продажу,57 м²,65 000 у.е.,2,4,4,Евроремонт,Другое,"город Ташкент, Сергелийский район, махаллинский сход граждан Нилуфар",0,0,1,1,0,1,1,0,1,0,1,0,0,1
107,107,3-комнатная квартира на продажу,65 м²,78 000 у.е.,3,1,4,Средний,Кирпичный,"город Ташкент, Мирабадский район, махаллинский сход граждан Банокатий, улица Абу Сулеймана Банокати",0,0,0,0,0,0,0,0,0,0,0,0,0,0
108,108,3-комнатная квартира на продажу,82 м²,61 000 у.е.,3,3,14,Требует ремонта,Панельный,"город Ташкент, Сергелийский район, махаллинский сход граждан Янги Сергели",1,1,0,0,0,1,0,0,0,0,0,0,0,0
109,109,2-комнатная квартира на продажу,50 м²,52 000 у.е.,2,4,4,Средний,Панельный,"город Ташкент, Юнусабадский район, 15-й квартал",0,0,0,0,0,0,0,0,0,0,0,0,0,0
110,110,3-комнатная квартира на продажу,75 м²,85 000 у.е.,3,9,9,Авторский проект,Панельный,"город Ташкент, Мирзо-Улугбекский район, махаллинский сход граждан Лашкарбеги, проспект Мустакиллик",1,0,0,0,0,0,0,0,0,0,0,0,0,0
111,111,3-комнатная квартира на продажу,78 м²,78 000 у.е.,3,4,4,Средний,Кирпичный,"город Ташкент, Мирзо-Улугбекский район, махаллинский сход граждан Аль-Фараби, улица Ахмада Югнаки",0,0,1,1,1,1,1,1,1,0,1,0,0,1
112,112,4-комнатная квартира на продажу,92 м²,83 000 у.е.,4,3,5,Средний,Панельный,"город Ташкент, Мирабадский район, махаллинский сход граждан Алтынкуль, улица Абдурауфа Фитрата",0,0,0,0,0,0,0,0,0,0,0,0,0,0
113,113,4-комнатная квартира на продажу,150 м²,170 000 у.е.,4,6,9,Авторский проект,Кирпичный,"город Ташкент, Юнусабадский район, 17-й квартал",1,1,1,1,1,1,1,1,1,1,1,1,1,1
114,114,1-комнатная квартира на продажу,21 м²,28 000 у.е.,1,2,5,Средний,Кирпичный,"город Ташкент, Мирзо-Улугбекский район, махаллинский сход граждан Сайрам, 5-й проезд Сайрам",0,0,0,0,0,0,0,0,0,0,0,0,0,0
115,115,2-комнатная квартира на продажу,51 м²,49 000 у.е.,2,4,4,Требует ремонта,Панельный,"город Ташкент, Юнусабадский район, микрорайон ТашГРЭС",0,0,0,0,0,0,0,0,0,0,0,0,0,0
116,116,3-комнатная квартира на продажу,80 м²,70 500 у.е.,3,5,5,Средний,Панельный,"город Ташкент, Мирабадский район, махаллинский сход граждан Истиклолабад, 5-й проезд Эски-Сарикул",0,0,0,0,0,0,0,0,0,0,0,0,0,0
117,117,2-комнатная квартира на продажу,40 м²,42 000 у.е.,2,2,2,Евроремонт,Кирпичный,"город Ташкент, Мирабадский район, махаллинский сход граждан Карасу, Ферганская улица",0,0,0,0,0,0,0,0,0,0,0,0,0,0
118,118,1-комнатная квартира на продажу,34 м²,40 500 у.е.,1,2,2,Средний,Кирпичный,"город Ташкент, Мирабадский район, махаллинский сход граждан Абдурауф Фитрат, улица Учувчилар",0,0,0,0,0,0,0,0,0,0,0,0,0,0
119,119,1-комнатная квартира на продажу,34 м²,41 500 у.е.,1,3,4,Средний,Кирпичный,"город Ташкент, Мирабадский район, махаллинский сход граждан Навруз, улица Сарыкуль",0,0,0,0,0,0,0,0,0,0,0,0,0,0
120,120,1-комнатная квартира на продажу,39 м²,55 000 у.е.,1,5,9,Евроремонт,Панельный,"город Ташкент, Яшнободский район, жилой комплекс Эльбек",1,0,1,1,1,1,1,1,1,1,0,1,1,1
121,121,2-комнатная квартира на продажу,56.7 м²,57 000 у.е.,2,4,4,Евроремонт,Панельный,"Ташкентская область, городской посёлок Эшангузар, 1-й микрорайон, улица Шарк Юлдузи",0,1,1,1,1,0,1,1,1,1,1,0,0,1
122,122,1-комнатная квартира на продажу,36 м²,60 000 у.е.,1,4,5,Авторский проект,Кирпичный,"Ташкентская область, городской посёлок Кибрай, улица Хамза",0,0,0,0,0,0,0,0,0,0,0,0,0,0
123,123,5-комнатная квартира на продажу,120 м²,120 000 у.е.,5,9,9,Евроремонт,Монолитный,"город Ташкент, Учтепинский район, махаллинский сход граждан Фарход",1,0,0,0,0,0,0,0,0,0,0,0,0,0
124,124,3-комнатная квартира на продажу,70 м²,78 800 у.е.,3,1,4,Средний,Панельный,"город Ташкент, Юнусабадский район, махаллинский сход граждан Богишамол",0,0,1,0,0,0,1,0,1,1,0,0,0,1
125,125,5-комнатная квартира на продажу,116 м²,210 000 у.е.,5,5,9,Евроремонт,Другое,"город Ташкент, Мирзо-Улугбекский район, массив Алай",1,0,0,0,0,0,0,0,0,0,0,0,0,0
126,126,3-комнатная квартира на продажу,62 м²,90 000 у.е.,3,2,4,Евроремонт,Кирпичный,"город Ташкент, Мирзо-Улугбекский район, массив Феруза-1, улица Мирзо Улугбека",0,0,1,1,1,1,1,1,1,1,1,0,0,1
127,127,2-комнатная квартира на продажу,60 м²,74 500 у.е.,2,5,9,Евроремонт,Панельный,"город Ташкент, Юнусабадский район, массив Кашгар",1,0,0,0,0,0,0,0,0,0,0,0,0,0
128,128,2-комнатная квартира на продажу,50 м²,70 000 у.е.,2,1,4,Средний,Кирпичный,"город Ташкент, Мирзо-Улугбекский район, махаллинский сход граждан Тракторсозлар, улица Ульяна",0,0,0,0,0,0,0,0,0,0,0,0,0,0
129,129,3-комнатная квартира на продажу,90 м²,110 000 у.е.,3,5,5,Евроремонт,Кирпичный,"город Ташкент, Яккасарайский район, жилой комплекс Яккасарой палас, улица Бабура",0,0,1,1,1,1,1,1,1,1,0,0,0,0
130,130,2-комнатная квартира на продажу,75 м²,80 000 у.е.,2,9,9,Средний,Панельный,"город Ташкент, Шайхантахурский район, махаллинский сход граждан Олмазор, улица Ислама Каримова",1,0,0,0,0,0,0,0,0,0,0,0,0,0
131,131,4-комнатная квартира на продажу,90 м²,88 000 у.е.,4,4,4,Евроремонт,Кирпичный,"город Ташкент, Юнусабадский район, махаллинский сход граждан Богибустан, улица Богишамол",0,0,0,0,0,0,0,0,0,0,0,0,0,0
132,132,4-комнатная квартира на продажу,110 м²,100 000 у.е.,4,2,4,Средний,Кирпичный,"город Ташкент, Янгихаётский район, 4-й квартал, улица Софдил",0,1,0,0,0,1,1,0,1,1,0,0,0,1
133,133,2-комнатная квартира на продажу,59 м²,195 555 у.е.,2,8,51,Требует ремонта,Блочный,"город Ташкент, Шайхантахурский район, жилой комплекс Nest One, улица Батыра Закирова",1,0,0,0,0,0,0,0,0,0,0,0,0,0
134,134,1-комнатная квартира на продажу,18 м²,24 500 у.е.,1,1,4,Авторский проект,Кирпичный,"город Ташкент, Яшнободский район, махаллинский сход граждан Бойкургон, улица Мирзо Улугбека",0,0,1,0,0,1,1,0,0,1,0,0,0,1
135,135,3-комнатная квартира на продажу,78 м²,76 500 у.е.,3,2,5,Средний,Панельный,"город Ташкент, Юнусабадский район, махаллинский сход граждан Сабирабад",0,0,0,0,0,0,0,0,0,0,0,0,0,0
136,136,2-комнатная квартира на продажу,55 м²,81 950 у.е.,2,6,9,Евроремонт,Кирпичный,"город Ташкент, Чиланзарский район, 5-й квартал",1,1,1,1,0,1,1,1,1,1,1,0,0,1
137,137,4-комнатная квартира на продажу,130 м²,152 000 у.е.,4,8,9,Средний,Панельный,"город Ташкент, Юнусабадский район, массив Минор, Namangan ko'chasi",1,1,1,1,0,0,1,1,1,1,0,0,0,0
138,138,1-комнатная квартира на продажу,42 м²,78 000 у.е.,1,1,5,Евроремонт,Кирпичный,"город Ташкент, Яккасарайский район, махаллинский сход граждан Юнус Ражабий, улица Юнуса Раджаби",0,0,1,1,0,0,1,1,1,1,0,0,0,0
139,139,2-комнатная квартира на продажу,53 м²,92 000 у.е.,2,5,5,Евроремонт,Кирпичный,"город Ташкент, Мирабадский район, махаллинский сход граждан Салор, улица Туркистан",0,0,1,0,0,1,1,0,1,1,0,0,0,1
140,140,2-комнатная квартира на продажу,52 м²,63 000 у.е.,2,2,4,Требует ремонта,Кирпичный,"город Ташкент, Мирзо-Улугбекский район, махаллинский сход граждан Аккурган, улица Аккурган",0,0,0,0,0,0,0,0,0,0,0,0,0,0
141,141,1-комнатная квартира на продажу,38 м²,47 000 у.е.,1,1,5,Требует ремонта,Кирпичный,"город Ташкент, Мирзо-Улугбекский район, махаллинский сход граждан Юзрабат",0,0,0,0,0,1,0,0,0,1,1,0,0,0
142,142,2-комнатная квартира на продажу,54 м²,68 000 у.е.,2,4,4,Средний,Кирпичный,"город Ташкент, Мирзо-Улугбекский район, махаллинский сход граждан Элабад, улица Буюк Ипак Йули",0,0,0,0,0,0,0,0,0,0,0,0,0,0
143,143,3-комнатная квартира на продажу,67 м²,88 000 у.е.,3,2,4,Евроремонт,Кирпичный,"город Ташкент, Мирзо-Улугбекский район, махаллинский сход граждан Шахриабад",0,0,0,0,0,0,0,0,0,0,0,0,0,0
144,144,3-комнатная квартира на продажу,78 м²,69 900 у.е.,3,4,5,Евроремонт,Панельный,"город Ташкент, Яшнободский район, массив Аханграбо, улица Курувчилар",0,1,0,0,0,1,1,0,0,0,1,0,0,1
145,145,2-комнатная квартира на продажу,50 м²,65 200 у.е.,2,2,4,Средний,Панельный,"город Ташкент, Чиланзарский район, махаллинский сход граждан Чиланзар, улица Чиланзар",0,0,0,0,0,0,0,0,0,0,0,0,0,0
146,146,1-комнатная квартира на продажу,33 м²,47 300 у.е.,1,3,4,Евроремонт,Панельный,"город Ташкент, Чиланзарский район, Chilanzar Business City TJM, улица Чиланзар",0,0,0,0,0,0,0,0,0,0,0,0,0,0
147,147,4-комнатная квартира на продажу,92 м²,84 000 у.е.,4,11,12,Евроремонт,Кирпичный,"город Ташкент, Шайхантахурский район, махаллинский сход граждан Самарканд Дарваза, улица Самарканд Дарвоза",1,0,0,0,0,0,0,0,0,0,0,0,0,0
148,148,2-комнатная квартира на продажу,42 м²,44 000 у.е.,2,5,6,Черновая отделка,Кирпичный,"город Ташкент, Яшнободский район, махаллинский сход граждан Джурабек, улица Обишир",1,0,0,0,0,0,0,0,0,0,0,0,0,0
149,149,2-комнатная квартира на продажу,54 м²,70 000 у.е.,2,3,5,Требует ремонта,Кирпичный,"город Ташкент, Мирзо-Улугбекский район, махаллинский сход граждан Бешкапа, улица Буюк Ипак Йули",0,0,0,0,0,0,0,0,0,0,0,0,0,0
150,150,2-комнатная квартира на продажу,46 м²,54 500 у.е.,2,3,4,Средний,Кирпичный,"город Ташкент, Учтепинский район, махаллинский сход граждан Диёрабад",0,0,0,0,0,0,0,0,0,0,0,0,0,0
151,151,4-комнатная квартира на продажу,97 м²,100 000 у.е.,4,2,9,Средний,Монолитный,"город Ташкент, Юнусабадский район, махаллинский сход граждан Уч Кахрамон",1,0,0,0,0,0,0,0,0,0,0,0,0,0
152,152,3-комнатная квартира на продажу,70 м²,70 000 у.е.,3,3,5,Требует ремонта,Кирпичный,"город Ташкент, Учтепинский район, махаллинский сход граждан Фархад",0,0,0,0,0,0,0,0,0,0,0,0,0,0
153,153,4-комнатная квартира на продажу,100 м²,110 000 у.е.,4,4,5,Евроремонт,Монолитный,"город Ташкент, Юнусабадский район, махаллинский сход граждан Севинч",0,1,1,1,1,1,1,1,1,1,1,0,0,1
154,154,2-комнатная квартира на продажу,62.56 м²,85 000 у.е.,2,1,5,Средний,Панельный,"город Ташкент, Мирзо-Улугбекский район, махаллинский сход граждан Султония",0,0,0,0,0,0,0,0,0,0,0,0,0,0
155,155,3-комнатная квартира на продажу,83 м²,250 000 у.е.,3,6,11,Авторский проект,Кирпичный,"город Ташкент, Мирабадский район, жилой комплес Парквуд, 6-й проезд Мироншаха",1,0,0,0,0,0,0,0,0,0,0,0,0,0
156,156,2-комнатная квартира на продажу,74.2 м²,100 000 у.е.,2,13,18,Евроремонт,Монолитный,"город Ташкент, Мирзо-Улугбекский район, площадь Хамида Алимджана, площадь Хамида Алимджана",1,0,0,0,0,0,0,0,0,0,0,0,0,0
157,157,2-комнатная квартира на продажу,76 м²,130 000 у.е.,2,3,9,Авторский проект,Кирпичный,"город Ташкент, Шайхантахурский район, махаллинский сход граждан Гульабад",1,0,0,0,0,0,0,0,0,0,0,0,0,0
158,158,4-комнатная квартира на продажу,90 м²,75 000 у.е.,4,4,5,Средний,Монолитный,"город Ташкент, Яшнободский район, махаллинский сход граждан Тонг",0,0,0,0,0,0,0,0,0,0,0,0,0,0
159,159,2-комнатная квартира на продажу,65 м²,101 999 у.е.,2,8,9,Евроремонт,Монолитный,"город Ташкент, Мирзо-Улугбекский район, махаллинский сход граждан Алпомиш, улица Лашкарлар",1,0,0,0,0,0,0,0,0,0,0,0,0,0
160,160,2-комнатная квартира на продажу,60 м²,69 000 у.е.,2,4,9,Средний,Монолитный,"город Ташкент, Яшнободский район, махаллинский сход граждан Семург",1,0,0,0,0,0,0,0,0,0,0,0,0,0
161,161,2-комнатная квартира на продажу,55 м²,56 000 у.е.,2,5,5,Черновая отделка,Кирпичный,"город Ташкент, Мирзо-Улугбекский район, населённый пункт Янгиабад, улица Миллий Бог",0,0,0,0,0,0,0,0,0,0,0,0,0,0
162,162,2-комнатная квартира на продажу,60 м²,120 000 у.е.,2,3,9,Евроремонт,Другое,"город Ташкент, Мирабадский район, махаллинский сход граждан Янги Мирабад, Малая кольцевая дорога",1,0,0,1,0,1,1,1,0,1,0,1,0,0
163,163,1-комнатная квартира на продажу,36 м²,38 500 у.е.,1,3,4,Требует ремонта,Кирпичный,"город Ташкент, Юнусабадский район, 2-й квартал",0,0,0,0,0,0,0,0,0,0,0,0,0,0
164,164,1-комнатная квартира на продажу,45 м²,32 900 у.е.,1,5,7,Евроремонт,Кирпичный,"Бухарская область, Бухара",1,0,1,1,0,1,1,1,1,1,1,0,1,1
165,165,3-комнатная квартира на продажу,74 м²,76 000 у.е.,3,4,5,Требует ремонта,Монолитный,"город Ташкент, Мирзо-Улугбекский район, 3-й квартал",0,1,0,0,0,1,1,0,0,0,0,0,0,0
166,166,1-комнатная квартира на продажу,40 м²,46 000 у.е.,1,4,5,Средний,Монолитный,"город Ташкент, Яшнободский район, махаллинский сход граждан Алимкент, улица Кадышева",0,1,0,0,0,1,0,0,0,1,0,0,0,1
167,167,2-комнатная квартира на продажу,63 м²,75 000 у.е.,2,9,9,Средний,Панельный,"город Ташкент, Шайхантахурский район, махаллинский сход граждан Шайхонтохур",1,0,0,0,0,0,0,0,0,0,0,0,0,0
168,168,3-комнатная квартира на продажу,73 м²,63 000 у.е.,3,6,9,Евроремонт,Монолитный,"город Ташкент, Алмазарский район, махаллинский сход граждан Чимбай",1,0,0,0,0,1,1,0,0,1,1,0,0,1
169,169,2-комнатная квартира на продажу,36 м²,45 000 у.е.,2,1,4,Средний,Кирпичный,"город Ташкент, Чиланзарский район, махаллинский сход граждан Наккошлик, проспект Бунёдкор (дублёр)",0,0,0,0,1,1,0,0,0,1,0,0,0,0
170,170,4-комнатная квартира на продажу,111 м²,135 000 у.е.,4,7,9,Евроремонт,Панельный,"город Ташкент, Юнусабадский район, махаллинский сход граждан Атчапар-1, проспект Амира Темура",1,0,0,0,0,0,0,0,0,0,0,0,0,0
171,171,3-комнатная квартира на продажу,95 м²,90 000 у.е.,3,5,5,Средний,Кирпичный,"город Ташкент, Мирабадский район, махаллинский сход граждан Тонг Юлдузи, улица Сайхун",0,0,0,0,0,0,0,0,0,0,0,0,0,0
172,172,2-комнатная квартира на продажу,50 м²,53 000 у.е.,2,2,4,Требует ремонта,Панельный,"город Ташкент, Юнусабадский район, 6-й квартал",0,0,0,0,0,0,0,0,0,0,0,0,0,0
173,173,1-комнатная квартира на продажу,42 м²,46 500 у.е.,1,3,4,Авторский проект,Кирпичный,"город Ташкент, Юнусабадский район, махаллинский сход граждан Богибустан, улица Машинасозлар",0,0,0,0,0,0,0,0,0,0,0,0,0,0
174,174,2-комнатная квартира на продажу,57 м²,65 000 у.е.,2,4,5,Евроремонт,Кирпичный,"город Ташкент, Яшнободский район, махаллинский сход граждан Яшнобод, улица Корасув",0,1,0,0,0,1,0,0,0,1,1,0,0,1
175,175,1-комнатная квартира на продажу,18 м²,19 600 у.е.,1,4,4,Авторский проект,Кирпичный,"город Ташкент, Мирабадский район, махаллинский сход граждан Абдурауф Фитрат, улица Таллимаржон",0,0,0,0,0,0,0,0,0,0,0,0,0,0
176,176,2-комнатная квартира на продажу,52 м²,59 500 у.е.,2,4,5,Средний,Кирпичный,"город Ташкент, Мирабадский район, махаллинский сход граждан Сарыкуль, улица Абдурауфа Фитрата",0,0,0,0,0,0,0,0,0,0,0,0,0,0
177,177,1-комнатная квартира на продажу,30 м²,39 800 у.е.,1,4,4,Средний,Кирпичный,"город Ташкент, Мирабадский район, махаллинский сход граждан Темирйулчилар, улица Чамбил",0,0,0,0,0,0,0,0,0,0,0,0,0,0
178,178,2-комнатная квартира на продажу,63 м²,79 800 у.е.,2,8,9,Евроремонт,Панельный,"город Ташкент, Мирабадский район, махаллинский сход граждан Инокобод, улица Сайхун",1,0,0,0,0,0,0,0,0,0,0,0,0,0
179,179,2-комнатная квартира на продажу,63 м²,79 800 у.е.,2,4,9,Евроремонт,Панельный,"город Ташкент, Мирабадский район, махаллинский сход граждан Янги Замон, улица Янгизамон",1,0,0,0,0,0,0,0,0,0,0,0,0,0
180,180,2-комнатная квартира на продажу,43 м²,42 000 у.е.,2,2,2,Средний,Кирпичный,"город Ташкент, Мирабадский район, махаллинский сход граждан Банокатий",0,0,0,0,0,0,0,0,0,0,0,0,0,0
181,181,1-комнатная квартира на продажу,40 м²,43 500 у.е.,1,1,4,Средний,Монолитный,"город Ташкент, Яшнободский район, махаллинский сход граждан Алимкент, 1-й проезд Авиасозлар",0,0,0,0,0,0,0,0,0,0,0,0,0,0
182,182,2-комнатная квартира на продажу,58 м²,47 500 у.е.,2,2,2,Авторский проект,Кирпичный,"город Ташкент, Яшнободский район, махаллинский сход граждан Бойкургон, улица Боткина",0,0,0,0,0,0,0,0,0,0,0,0,0,0
183,183,3-комнатная квартира на продажу,80 м²,66 000 у.е.,3,1,8,Авторский проект,Кирпичный,"город Ташкент, Яшнободский район, махаллинский сход граждан Хосиятли, улица Иззат",1,0,0,0,0,0,0,0,0,0,0,0,0,0
184,184,2-комнатная квартира на продажу,62 м²,41 000 у.е.,2,2,2,Средний,Кирпичный,"Ташкентская область, Чирчик, проспект Алишера Навои",0,1,1,1,1,1,1,1,1,1,1,0,0,1
185,185,4-комнатная квартира на продажу,100 м²,71 000 у.е.,4,8,9,Средний,Панельный,"город Ташкент, Янгихаётский район, массив Дустлик-2",1,1,0,0,0,1,0,0,1,1,1,0,0,1
186,186,1-комнатная квартира на продажу,28 м²,40 500 у.е.,1,4,4,Средний,Кирпичный,"город Ташкент, Яккасарайский район, махаллинский сход граждан Яккасарай, Малая кольцевая дорога",0,0,0,0,0,1,0,0,0,1,1,0,0,1
187,187,3-комнатная квартира на продажу,70 м²,85 000 у.е.,3,3,4,Авторский проект,Кирпичный,"город Ташкент, Чиланзарский район, махаллинский сход граждан Катта Домбрабад, улица Наккашлык",0,1,1,1,0,1,1,1,1,1,1,0,0,0
188,188,3-комнатная квартира на продажу,96 м²,85 000 у.е.,3,8,10,Черновая отделка,Кирпичный,"город Ташкент, Яккасарайский район, махаллинский сход граждан Мерос, улица Богибустан",1,0,0,0,0,0,0,0,0,0,0,0,0,0
189,189,2-комнатная квартира на продажу,70 м²,82 000 у.е.,2,6,9,Средний,Панельный,"город Ташкент, Мирабадский район, махаллинский сход граждан Айбек, улица Саида Барака",1,1,1,1,1,1,1,1,1,1,1,0,0,1
190,190,3-комнатная квартира на продажу,135 м²,94 500 у.е.,3,10,10,Черновая отделка,Кирпичный,"город Ташкент, Шайхантахурский район, жилой комплекс Кукча дарвоза, улица Кукча Дарвоза",1,0,0,0,0,0,0,0,0,0,0,0,0,0
191,191,3-комнатная квартира на продажу,65 м²,101 988 у.е.,3,2,4,Евроремонт,Кирпичный,"город Ташкент, Мирабадский район, махаллинский сход граждан Истиклолабад, улица Сарыкуль",0,0,0,0,0,0,0,0,0,0,0,0,0,0
192,192,3-комнатная квартира на продажу,69 м²,65 000 у.е.,3,4,5,Средний,Кирпичный,"город Ташкент, Сергелийский район, массив Учувчилар Шахарчаси",0,0,1,1,0,1,1,1,0,1,1,0,0,0
193,193,2-комнатная квартира на продажу,49.5 м²,49 900 у.е.,2,2,4,Евроремонт,Кирпичный,"Самаркандская область, Самарканд, улица Мирзо Улугбека",0,1,1,1,1,1,1,1,1,0,0,0,0,1
194,194,3-комнатная квартира на продажу,84 м²,65 500 у.е.,3,9,9,Средний,Панельный,"город Ташкент, Юнусабадский район, 9-й квартал",1,0,0,0,0,0,0,0,0,0,0,0,0,0
195,195,1-комнатная квартира на продажу,26 м²,40 000 у.е.,1,1,4,Авторский проект,Кирпичный,"город Ташкент, Чиланзарский район, махаллинский сход граждан Катартал",0,0,0,0,0,0,0,0,0,0,0,0,0,0
196,196,2-комнатная квартира на продажу,52 м²,27 500 у.е.,2,1,4,Средний,Другое,"Джизакская область, Джизак, махаллинский сход граждан Жиззахлик, улица Хавастлик",0,0,0,0,0,1,0,0,0,0,0,0,0,0
197,197,2-комнатная квартира на продажу,55 м²,61 500 у.е.,2,3,4,Требует ремонта,Кирпичный,"город Ташкент, Юнусабадский район, махалля Отчопар-1, проспект Амира Темура",0,0,0,0,0,0,0,0,0,0,0,0,0,0
198,198,3-комнатная квартира на продажу,74 м²,140 000 у.е.,3,1,4,Требует ремонта,Кирпичный,"город Ташкент, Мирзо-Улугбекский район, махаллинский сход граждан Мустакиллик, улица Истиклол",0,0,0,0,0,0,0,0,0,0,0,0,0,0
199,199,2-комнатная квартира на продажу,44 м²,57 500 у.е.,2,4,8,Евроремонт,Кирпичный,"город Ташкент, Яшнободский район, махаллинский сход граждан Баркамол, улица Хосият",1,0,0,0,0,0,0,0,0,0,0,0,0,0
200,200,4-комнатная квартира на продажу,113 м²,125 000 у.е.,4,8,10,Черновая отделка,Кирпичный,"город Ташкент, Яккасарайский район, махаллинский сход граждан Дамарык, улица Кичик Бешагач",1,0,0,0,0,0,0,0,0,0,0,0,0,0
201,201,4-комнатная квартира на продажу,90 м²,80 000 у.е.,4,5,5,Евроремонт,Панельный,"город Ташкент, Сергелийский район, махаллинский сход граждан Нурхаёт",0,0,0,0,0,0,0,0,0,0,0,0,0,0
202,202,4-комнатная квартира на продажу,90 м²,120 000 у.е.,4,3,4,Евроремонт,Панельный,"город Ташкент, Учтепинский район, жилой комплекс Фарход",0,0,0,0,0,0,0,0,0,0,0,0,0,0
203,203,3-комнатная квартира на продажу,60 м²,75 900 у.е.,3,2,4,Авторский проект,Кирпичный,"город Ташкент, Чиланзарский район, 1-й квартал",0,0,0,0,0,0,0,0,0,0,0,0,0,0
204,204,3-комнатная квартира на продажу,65 м²,75 000 у.е.,3,3,5,Требует ремонта,Панельный,"город Ташкент, Мирзо-Улугбекский район, массив Буз-1, улица Мусаввирлар",0,0,0,0,0,0,0,0,0,0,0,0,0,0
205,205,1-комнатная квартира на продажу,27 м²,31 500 у.е.,1,2,4,Требует ремонта,Кирпичный,"город Ташкент, Юнусабадский район, махаллинский сход граждан Хусниабад",0,0,0,0,0,0,0,0,0,0,0,0,0,0
206,206,5-комнатная квартира на продажу,112 м²,106 000 у.е.,5,3,5,Средний,Панельный,"город Ташкент, Юнусабадский район, 18-й квартал",0,0,0,0,0,0,0,0,0,0,0,0,0,0
207,207,1-комнатная квартира на продажу,30 м²,52 000 у.е.,1,3,4,Евроремонт,Панельный,"город Ташкент, Юнусабадский район, 3-й квартал",0,0,0,0,0,0,0,0,0,0,0,0,0,0
208,208,2-комнатная квартира на продажу,48 м²,87 000 у.е.,2,10,14,Евроремонт,Кирпичный,"город Ташкент, Яккасарайский район, Prestige garden turar-joy majmuasi",1,0,0,0,0,0,0,0,0,0,0,0,0,0
209,209,2-комнатная квартира на продажу,33 м²,45 000 у.е.,2,4,4,Средний,Кирпичный,"город Ташкент, Мирзо-Улугбекский район, махаллинский сход граждан Элабад",0,0,0,0,0,0,0,0,0,0,0,0,0,0
210,210,2-комнатная квартира на продажу,47 м²,105 000 у.е.,2,7,12,Авторский проект,Кирпичный,"город Ташкент, Мирзо-Улугбекский район, жилой комплекс Mirzo Ulugbek",1,0,0,0,0,0,0,0,0,0,0,0,0,0
211,211,2-комнатная квартира на продажу,45 м²,50 000 у.е.,2,7,9,Черновая отделка,Панельный,"город Ташкент, Юнусабадский район, 11-й квартал",1,1,0,0,0,1,0,0,0,1,0,0,0,1
212,212,2-комнатная квартира на продажу,55 м²,53 000 у.е.,2,4,4,Требует ремонта,Панельный,"город Ташкент, Мирзо-Улугбекский район, махаллинский сход граждан Элобод",0,1,0,0,0,0,0,0,0,1,0,0,0,1
213,213,3-комнатная квартира на продажу,70 м²,71 000 у.е.,3,4,4,Средний,Панельный,"город Ташкент, Юнусабадский район, махаллинский сход граждан Ахилобод, улица Ниязбек",0,1,0,0,0,1,0,0,0,1,0,0,0,1
214,214,1-комнатная квартира на продажу,30 м²,28 000 у.е.,1,3,9,Требует ремонта,Панельный,"Ташкентская область, городской посёлок Назарбек, 2-й проезд Коракамиш",1,0,0,0,0,1,0,0,0,0,0,0,0,1
215,215,1-комнатная квартира на продажу,38 м²,41 500 у.е.,1,5,5,Средний,Панельный,"город Ташкент, Юнусабадский район, махаллинский сход граждан Юртабад",0,1,0,0,0,1,0,0,0,0,0,0,0,1
216,216,5-комнатная квартира на продажу,140 м²,175 000 у.е.,5,1,12,Евроремонт,Панельный,"город Ташкент, Шайхантахурский район, махаллинский сход граждан Чакар, улица Фурката",1,0,1,1,0,0,1,0,1,1,0,0,0,0
217,217,3-комнатная квартира на продажу,77 м²,155 000 у.е.,3,3,4,Авторский проект,Кирпичный,"город Ташкент, Мирабадский район, махаллинский сход граждан Мингурик, проспект Амира Темура",0,0,1,1,0,0,1,1,1,1,0,0,0,0
218,218,3-комнатная квартира на продажу,128 м²,180 000 у.е.,3,4,12,Евроремонт,Монолитный,"город Ташкент, Мирабадский район, махалля Миробод, улица Нукус",1,0,1,1,0,0,1,1,1,1,0,0,0,0
219,219,4-комнатная квартира на продажу,90 м²,115 000 у.е.,4,3,5,Средний,Кирпичный,"город Ташкент, Алмазарский район, махаллинский сход граждан Себзар",0,1,0,0,0,0,0,0,0,1,0,0,0,0
220,220,2-комнатная квартира на продажу,50 м²,56 555 у.е.,2,4,4,Евроремонт,Панельный,"город Ташкент, Чиланзарский район, махаллинский сход граждан Мехржон",0,1,0,0,0,1,1,1,1,1,1,0,0,1
221,221,2-комнатная квартира на продажу,56 м²,59 555 у.е.,2,2,4,Евроремонт,Кирпичный,"город Ташкент, Учтепинский район, махаллинский сход граждан Гузар",0,1,0,0,0,1,1,0,0,1,1,0,0,1
222,222,2-комнатная квартира на продажу,52 м²,56 555 у.е.,2,3,4,Средний,Панельный,"город Ташкент, Учтепинский район, махаллинский сход граждан Бирлик",0,1,1,1,0,1,1,1,1,1,1,0,0,1
223,223,3-комнатная квартира на продажу,80 м²,85 000 у.е.,3,4,5,Евроремонт,Панельный,"город Ташкент, Сергелийский район, массив Учувчилар Шахарчаси, улица Аэропорт",0,0,0,0,0,0,0,0,0,0,0,0,0,0
224,224,2-комнатная квартира на продажу,63 м²,79 800 у.е.,2,4,9,Евроремонт,Панельный,"город Ташкент, Мирабадский район, махаллинский сход граждан Фуркат, улица Сайхун",1,0,0,0,0,0,0,0,0,0,0,0,0,0
225,225,2-комнатная квартира на продажу,43 м²,42 000 у.е.,2,2,2,Средний,Кирпичный,"город Ташкент, Мирабадский район, махаллинский сход граждан Абдурауф Фитрат, улица Эски-Сарикул",0,0,0,0,0,0,0,0,0,0,0,0,0,0
226,226,2-комнатная квартира на продажу,60 м²,58 000 у.е.,2,4,4,Средний,Другое,"город Ташкент, Мирабадский район, махаллинский сход граждан Фуркат, улица Таллимаржон",0,0,0,0,0,0,0,0,0,0,0,0,0,0
227,227,2-комнатная квартира на продажу,55 м²,41 500 у.е.,2,2,2,Средний,Кирпичный,"город Ташкент, Яшнободский район, махаллинский сход граждан Жаркургон, улица Захидова",0,0,0,0,0,0,0,0,0,0,0,0,0,0
228,228,1-комнатная квартира на продажу,30 м²,36 000 у.е.,1,2,3,Средний,Кирпичный,"город Ташкент, Мирабадский район, махаллинский сход граждан Заминобод, улица Мирзы Джахангира",0,0,0,0,0,0,0,0,0,0,0,0,0,0
229,229,1-комнатная квартира на продажу,2 м²,695.14 у.е.,1,1,1,Средний,Другое,"город Ташкент, Чиланзарский район, махаллинский сход граждан Бешкурган, улица Бунёд",0,0,0,0,0,0,0,0,0,1,0,1,1,1
230,230,2-комнатная квартира на продажу,45 м²,50 000 у.е.,2,2,4,Требует ремонта,Панельный,"город Ташкент, Яшнободский район, махаллинский сход граждан Авиасозлар, 2-й проезд Авиасозлар",0,0,0,0,0,0,0,0,0,0,0,0,0,0
231,231,4-комнатная квартира на продажу,265 м²,230 000 у.е.,4,4,4,Евроремонт,Кирпичный,"город Ташкент, Мирабадский район, махаллинский сход граждан Айбек, улица Фидокор",0,0,0,0,0,0,0,0,0,0,0,0,0,0
232,232,2-комнатная квартира на продажу,38 м²,29 200 у.е.,2,1,1,Евроремонт,Кирпичный,"город Ташкент, Мирабадский район, махаллинский сход граждан Банокатий, улица Сарыкуль",0,0,0,0,0,0,0,0,0,0,0,0,0,0
233,233,3-комнатная квартира на продажу,73 м²,85 000 у.е.,3,6,9,Евроремонт,Панельный,"город Ташкент, Алмазарский район, махаллинский сход граждан Юкары Себзар",1,0,0,0,0,0,0,0,0,0,0,0,0,0
234,234,1-комнатная квартира на продажу,50 м²,51 500 у.е.,1,7,10,Черновая отделка,Кирпичный,"город Ташкент, Чиланзарский район, махаллинский сход граждан Домбрабад, улица Гавхар",1,0,0,0,0,0,0,0,0,0,0,0,0,0
235,235,3-комнатная квартира на продажу,78 м²,84 500 у.е.,3,2,5,Авторский проект,Панельный,"город Ташкент, Мирзо-Улугбекский район, махаллинский сход граждан Аль-Фараби",0,1,1,1,1,1,1,1,1,1,1,0,0,0
236,236,2-комнатная квартира на продажу,65 м²,84 000 у.е.,2,7,9,Средний,Панельный,"город Ташкент, Шайхантахурский район, массив Хадра, улица Себзар",1,0,0,0,0,0,0,0,0,0,0,0,0,0
237,237,2-комнатная квартира на продажу,62 м²,75 000 у.е.,2,7,9,Средний,Панельный,"город Ташкент, Алмазарский район, махаллинский сход граждан Хастимам, улица Себзар",1,0,0,0,0,0,0,0,0,0,0,0,0,0
238,238,2-комнатная квартира на продажу,60 м²,58 000 у.е.,2,9,9,Требует ремонта,Панельный,"город Ташкент, Мирзо-Улугбекский район, Oq saroy turar-joy majmuasi, 3-й тупик Паркент",1,0,0,0,0,0,0,0,0,0,0,0,0,0
239,239,1-комнатная квартира на продажу,40 м²,9 500 у.е.,1,7,9,Черновая отделка,Монолитный,"Бухарская область, Каган, проспект Бухара",1,0,0,0,0,0,0,0,0,0,0,0,0,0
240,240,4-комнатная квартира на продажу,83 м²,83 000 у.е.,4,3,5,Средний,Панельный,"город Ташкент, Мирзо-Улугбекский район, массив Феруза-2",0,0,0,0,0,0,0,0,0,0,0,0,0,0
241,241,3-комнатная квартира на продажу,100 м²,99 000 у.е.,3,5,7,Требует ремонта,Кирпичный,"город Ташкент, Шайхантахурский район, махаллинский сход граждан Караташ",1,0,0,0,0,0,0,0,0,0,0,0,0,0
242,242,2-комнатная квартира на продажу,73 м²,62 050 у.е.,2,7,12,Черновая отделка,Кирпичный,"город Ташкент, Яшнободский район, махаллинский сход граждан Бойкургон, улица Султанали Машхади",1,0,0,0,0,0,0,0,0,0,0,0,0,0
243,243,2-комнатная квартира на продажу,65 м²,70 750 у.е.,2,5,9,Евроремонт,Монолитный,"город Ташкент, Чиланзарский район, махаллинский сход граждан Бурижар",1,1,1,1,0,1,1,1,1,1,1,0,0,1
244,244,1-комнатная квартира на продажу,28 м²,21 000 у.е.,1,4,4,Евроремонт,Кирпичный,"Андижанская область, Андижан, махаллинский сход граждан Узбекистон 20 Йиллиги",0,0,0,0,0,1,0,0,0,0,0,0,0,0
245,245,3-комнатная квартира на продажу,125 м²,175 000 у.е.,3,4,12,Евроремонт,Монолитный,"город Ташкент, Мирабадский район, махаллинский сход граждан Салор, улица Нукус",1,0,0,0,0,0,0,0,0,0,0,0,0,0
246,246,5-комнатная квартира на продажу,120 м²,160 000 у.е.,5,7,9,Средний,Панельный,"город Ташкент, Мирабадский район, махаллинский сход граждан Фаровон, улица Афросиаб",1,0,0,0,0,0,0,0,0,0,0,0,0,0
247,247,2-комнатная квартира на продажу,50 м²,62 777 у.е.,2,3,4,Евроремонт,Панельный,"город Ташкент, Учтепинский район, махаллинский сход граждан Богистан",0,1,0,0,0,1,0,0,0,1,1,0,0,1
248,248,4-комнатная квартира на продажу,98 м²,120 000 у.е.,4,5,9,Евроремонт,Панельный,"город Ташкент, Яшнободский район, махаллинский сход граждан Дустобод, улица Паркент",1,0,1,0,0,1,1,1,1,1,1,0,1,1
249,249,1-комнатная квартира на продажу,30 м²,25 000 у.е.,1,2,4,Средний,Кирпичный,"город Ташкент, Сергелийский район, махаллинский сход граждан Дарёбуйи, 3-й проезд Нилуфар",0,0,1,1,1,1,1,0,1,1,1,0,0,0
250,250,6+ комнатная квартира на продажу,158 м²,140 000 у.е.,6+,7,8,Черновая отделка,Другое,"город Ташкент, Мирзо-Улугбекский район, массив Паркент",1,0,0,0,0,0,0,0,0,0,0,0,0,0
251,251,4-комнатная квартира на продажу,140 м²,189 000 у.е.,4,9,10,Евроремонт,Другое,"город Ташкент, Мирабадский район, махаллинский сход граждан Карасу, Фергана Йули",1,0,0,0,0,0,0,0,0,0,0,0,0,0
252,252,3-комнатная квартира на продажу,116 м²,130 000 у.е.,3,4,4,Средний,Кирпичный,"город Ташкент, Чиланзарский район, квартал И",0,1,1,0,0,1,1,1,1,1,1,0,1,1
253,253,2-комнатная квартира на продажу,50 м²,51 000 у.е.,2,4,4,Средний,Панельный,"город Ташкент, Чиланзарский район, 10-й квартал массива Чиланзар",0,0,0,0,0,0,0,0,0,0,0,0,0,0
254,254,1-комнатная квартира на продажу,30 м²,55 000 у.е.,1,1,4,Средний,Кирпичный,"город Ташкент, Шайхантахурский район, массив Ц-12, улица Лабзак",0,0,0,0,0,0,0,0,0,0,0,0,0,0
255,255,4-комнатная квартира на продажу,102 м²,167 000 у.е.,4,2,8,Евроремонт,Другое,"город Ташкент, Яшнободский район, массив Ташсельмаш, Tashselmash ko'chasi",1,0,0,0,0,0,0,0,0,0,0,0,0,0
256,256,2-комнатная квартира на продажу,50 м²,135 000 у.е.,2,7,25,Евроремонт,Другое,"город Ташкент, Мирзо-Улугбекский район, площадь Хамида Алимджана, проспект Мустакиллик",1,0,0,0,0,0,0,0,0,0,0,0,0,0
257,257,2-комнатная квартира на продажу,90 м²,155 000 у.е.,2,6,7,Евроремонт,Другое,"город Ташкент, Мирабадский район, махаллинский сход граждан Биродарлик, улица Гоголя",1,0,0,0,0,0,0,0,0,0,0,0,0,0
258,258,2-комнатная квартира на продажу,47 м²,63 850 у.е.,2,2,4,Евроремонт,Кирпичный,"город Ташкент, Мирзо-Улугбекский район, махаллинский сход граждан Катта Ялангач Ата, улица Тимура Малика",0,0,0,0,0,1,0,0,0,1,0,0,0,0
259,259,2-комнатная квартира на продажу,58 м²,54 500 у.е.,2,3,9,Требует ремонта,Панельный,"город Ташкент, Юнусабадский район, махаллинский сход граждан Мингчинар",1,0,0,0,0,0,0,0,0,0,0,0,0,0
260,260,2-комнатная квартира на продажу,59 м²,27 500 у.е.,2,2,4,Средний,Кирпичный,"Ферганская область, Фергана, махаллинский сход граждан Гульзар, улица Пахтаой",0,0,0,0,0,0,0,0,0,0,0,0,0,0
261,261,2-комнатная квартира на продажу,50 м²,60 000 у.е.,2,1,4,Евроремонт,Панельный,"город Ташкент, Юнусабадский район, махаллинский сход граждан Янги Хаёт",0,1,1,1,0,0,1,1,1,1,0,0,0,0
262,262,3-комнатная квартира на продажу,90 м²,100 000 у.е.,3,1,4,Требует ремонта,Кирпичный,"город Ташкент, Мирзо-Улугбекский район, махаллинский сход граждан Алпомиш, улица Буюк Ипак Йули",0,0,0,0,0,1,0,0,0,1,0,0,0,1
263,263,1-комнатная квартира на продажу,30 м²,38 000 у.е.,1,3,4,Средний,Кирпичный,"город Ташкент, Мирабадский район, махаллинский сход граждан Фуркат, улица Эски-Сарикул",0,0,0,0,0,0,0,0,0,0,0,0,0,0
264,264,4-комнатная квартира на продажу,171 м²,136 800 у.е.,4,4,4,Черновая отделка,Кирпичный,"город Ташкент, Мирзо-Улугбекский район, махаллинский сход граждан Олтинтепа, улица Турт Арык",0,0,0,0,0,0,0,0,0,0,0,0,0,0
265,265,4-комнатная квартира на продажу,85 м²,160 000 у.е.,4,3,4,Средний,Кирпичный,"город Ташкент, Яккасарайский район, махаллинский сход граждан Юнус Раджаби, улица Юнуса Раджаби",0,0,0,0,0,0,0,0,0,0,0,0,0,0
266,266,2-комнатная квартира на продажу,50 м²,70 250 у.е.,2,1,4,Евроремонт,Панельный,"город Ташкент, Чиланзарский район, махаллинский сход граждан Кутарма",0,1,1,1,1,1,1,1,1,1,1,0,0,1
267,267,2-комнатная квартира на продажу,60 м²,77 700 у.е.,2,3,5,Евроремонт,Панельный,"город Ташкент, Яшнободский район, махаллинский сход граждан Ватандош",0,1,1,1,1,1,1,1,1,1,0,1,1,1
268,268,2-комнатная квартира на продажу,57.6 м²,60 500 у.е.,2,2,4,Средний,Кирпичный,"город Ташкент, Алмазарский район, махаллинский сход граждан Гульсарай",0,1,0,0,0,1,1,0,1,1,1,0,0,1
269,269,3-комнатная квартира на продажу,80 м²,130 000 у.е.,3,3,4,Евроремонт,Кирпичный,"город Ташкент, Яккасарайский район, махаллинский сход граждан Шахжахан, улица Шота Руставели",0,0,0,0,0,0,0,0,0,0,0,0,0,0
270,270,2-комнатная квартира на продажу,58 м²,55 000 у.е.,2,5,5,Средний,Панельный,"город Ташкент, Яшнободский район, махаллинский сход граждан Мохинур",0,1,1,1,0,0,1,1,1,1,0,0,0,0
271,271,2-комнатная квартира на продажу,53.62 м²,75 000 у.е.,2,1,7,Средний,Кирпичный,"город Ташкент, Янгихаётский район, массив Сергели-IIIа, улица Кургантепа",1,1,0,0,0,1,1,0,0,1,1,0,0,0
272,272,3-комнатная квартира на продажу,70 м²,110 000 у.е.,3,4,5,Евроремонт,Кирпичный,"город Ташкент, Яккасарайский район, махаллинский сход граждан Богсарай, улица Шота Руставели",0,0,0,0,0,0,0,0,0,0,0,0,0,0
273,273,3-комнатная квартира на продажу,125 м²,100 000 у.е.,3,4,8,Средний,Кирпичный,"город Ташкент, Янгихаётский район, 8-й квартал",1,1,0,0,0,1,0,0,1,0,0,0,1,1
274,274,1-комнатная квартира на продажу,50 м²,51 500 у.е.,1,7,10,Черновая отделка,Кирпичный,"город Ташкент, Чиланзарский район, махаллинский сход граждан Яккабог, улица Сугалли-ота",1,0,0,0,0,0,0,0,0,0,0,0,0,0
275,275,3-комнатная квартира на продажу,68 м²,75 000 у.е.,3,5,9,Средний,Монолитный,"город Ташкент, Юнусабадский район, массив Киёт",1,0,0,0,0,0,0,0,0,0,0,0,0,0
276,276,1-комнатная квартира на продажу,28 м²,72 000 у.е.,1,4,4,Авторский проект,Кирпичный,"город Ташкент, Яккасарайский район, махалля Юнус Ражабий, площадь Космонавтов",0,0,1,1,0,0,1,1,1,1,0,0,0,0
277,277,2-комнатная квартира на продажу,34 м²,59 000 у.е.,2,3,4,Авторский проект,Кирпичный,"город Ташкент, Чиланзарский район, 18-й квартал",0,0,0,1,0,0,1,1,1,1,0,0,0,0
278,278,3-комнатная квартира на продажу,60 м²,77 500 у.е.,3,3,4,Средний,Кирпичный,"город Ташкент, Яшнободский район, 58а Военный Городок",0,0,0,0,0,0,1,1,0,0,0,0,0,0
279,279,3-комнатная квартира на продажу,66.89 м²,52 000 у.е.,3,1,4,Средний,Кирпичный,"город Ташкент, Бектемирский район, махаллинский сход граждан Забардаст, Bektemir shoh ko'chasi",0,0,0,0,0,0,0,0,0,0,0,0,0,0
280,280,1-комнатная квартира на продажу,41.5 м²,68 000 у.е.,1,4,16,Авторский проект,Монолитный,"город Ташкент, Мирзо-Улугбекский район, O'z mahal TJM",1,0,0,0,0,0,0,0,0,0,0,0,0,0
281,281,4-комнатная квартира на продажу,113 м²,115 000 у.е.,4,7,9,Средний,Кирпичный,"город Ташкент, Мирзо-Улугбекский район, махаллинский сход граждан Нур",1,0,0,0,0,0,0,0,0,0,0,0,0,0
282,282,2-комнатная квартира на продажу,63 м²,79 000 у.е.,2,2,2,Авторский проект,Кирпичный,"город Ташкент, Яшнободский район, махаллинский сход граждан Жаркургон, улица Джаркурган",0,1,1,1,1,0,1,1,1,1,1,0,1,1
283,283,4-комнатная квартира на продажу,100 м²,73 000 у.е.,4,8,9,Требует ремонта,Панельный,"город Ташкент, Сергелийский район, массив Сергели-VIIа, улица Мирзы Турсунзаде",1,0,0,0,0,1,0,0,0,1,0,0,0,0
284,284,5-комнатная квартира на продажу,100 м²,100 000 у.е.,5,4,5,Евроремонт,Монолитный,"город Ташкент, Учтепинский район, махаллинский сход граждан Алихонтура Согуний",0,0,0,0,0,0,0,0,0,0,0,0,0,0
285,285,3-комнатная квартира на продажу,80 м²,380 000 у.е.,3,1,8,Авторский проект,Кирпичный,"город Ташкент, Шайхантахурский район, жилой комплекс Гарденс",1,0,0,0,0,0,0,0,0,0,0,0,0,0
286,286,2-комнатная квартира на продажу,52 м²,72 000 у.е.,2,3,5,Евроремонт,Панельный,"город Ташкент, Яккасарайский район, массив Кушбеги",0,0,0,0,0,0,0,0,0,0,0,0,0,0
287,287,3-комнатная квартира на продажу,72 м²,76 000 у.е.,3,3,9,Средний,Панельный,"город Ташкент, Чиланзарский район, махаллинский сход граждан Катта-Казирабад, улица Кирк-Киз",1,0,0,0,0,0,0,0,0,0,0,0,0,0
288,288,3-комнатная квартира на продажу,71 м²,85 000 у.е.,3,4,4,Евроремонт,Кирпичный,"город Ташкент, Чиланзарский район, махаллинский сход граждан Катта-Казирабад",0,0,0,0,0,0,0,0,0,0,0,0,0,0
289,289,3-комнатная квартира на продажу,64.79 м²,58 000 у.е.,3,2,4,Евроремонт,Панельный,"Самаркандская область, Самарканд, площадь Регистан",0,1,1,0,0,1,0,0,0,0,0,0,0,1
290,290,2-комнатная квартира на продажу,53 м²,95 000 у.е.,2,1,8,Требует ремонта,Панельный,"город Ташкент, Яккасарайский район, махаллинский сход граждан Бабур, улица Бабура",1,1,0,0,0,1,0,0,0,0,0,0,0,1
291,291,3-комнатная квартира на продажу,83 м²,67 000 у.е.,3,3,3,Требует ремонта,Кирпичный,"город Ташкент, Мирабадский район, махаллинский сход граждан Биродарлик, улица Дашнобод",0,0,0,0,0,0,0,0,0,0,0,0,0,0
292,292,1-комнатная квартира на продажу,28 м²,53 500 у.е.,1,2,14,Евроремонт,Монолитный,"город Ташкент, Яшнободский район, жилой комплекс Беш чинор, улица Махтумкули",1,0,0,1,0,1,1,1,1,0,0,0,0,0
293,293,1-комнатная квартира на продажу,44 м²,60 000 у.е.,1,1,4,Средний,Кирпичный,"город Ташкент, Мирзо-Улугбекский район, махаллинский сход граждан Подшобог, улица Буюк Ипак Йули",0,0,0,0,0,0,0,0,0,0,0,0,0,0
294,294,2-комнатная квартира на продажу,47 м²,65 000 у.е.,2,5,5,Средний,Кирпичный,"город Ташкент, Чиланзарский район, махаллинский сход граждан Катта-Казирабад, улица Чапаната",0,0,0,0,0,1,0,0,0,1,0,0,0,0
295,295,4-комнатная квартира на продажу,207 м²,280 000 у.е.,4,9,10,Евроремонт,Кирпичный,"город Ташкент, Юнусабадский район, махаллинский сход граждан Бадамзар, улица Бадамзар",1,0,0,0,0,0,0,0,0,0,0,0,0,0
296,296,2-комнатная квартира на продажу,94 м²,98 000 у.е.,2,5,5,Евроремонт,Кирпичный,"город Ташкент, Чиланзарский район, махаллинский сход граждан Чарх Камалан-1, улица Новза",0,0,0,0,0,0,0,0,0,0,0,0,0,0
297,297,6+ комнатная квартира на продажу,287 м²,243 950 у.е.,6+,3,3,Евроремонт,Кирпичный,"Самаркандская область, Самарканд, махаллинский сход граждан Богбонлар, улица Беруни",0,1,1,1,1,1,1,1,1,1,0,1,1,1
298,298,1-комнатная квартира на продажу,33 м²,52 000 у.е.,1,5,5,Евроремонт,Панельный,"город Ташкент, Мирзо-Улугбекский район, массив Буз-1",0,0,0,0,0,0,0,0,0,0,0,0,0,0
299,299,2-комнатная квартира на продажу,60 м²,42 000 у.е.,2,1,1,Евроремонт,Кирпичный,"город Ташкент, Мирабадский район, махаллинский сход граждан Заминобод, улица Ок Йул",0,0,0,0,0,0,0,0,0,0,0,0,0,0
300,300,3-комнатная квартира на продажу,80 м²,63 000 у.е.,3,5,9,Евроремонт,Блочный,"город Ташкент, Сергелийский район, массив Курувчи",1,1,0,0,0,1,0,0,0,1,0,0,0,1
301,301,2-комнатная квартира на продажу,56 м²,75 000 у.е.,2,5,5,Средний,Панельный,"город Ташкент, Алмазарский район, махаллинский сход граждан Себзар, Sebzor dahasi",0,1,1,1,0,1,1,1,1,1,1,0,0,1
302,302,2-комнатная квартира на продажу,72.85 м²,67 000 у.е.,2,1,9,Средний,Кирпичный,"город Ташкент, Янгихаётский район, махаллинский сход граждан Орият",1,1,1,1,1,1,1,1,1,1,0,0,1,1
303,303,2-комнатная квартира на продажу,55 м²,61 500 у.е.,2,3,4,Требует ремонта,Панельный,"город Ташкент, Юнусабадский район, махалля Отчопар-1, Шахристанская улица",0,0,0,0,0,0,0,0,0,0,0,0,0,0
304,304,2-комнатная квартира на продажу,43 м²,80 000 у.е.,2,2,2,Средний,Кирпичный,"город Ташкент, Яккасарайский район, махаллинский сход граждан Юнус Раджаби, улица Самарканд",0,0,0,0,0,0,0,0,0,0,0,0,0,0
305,305,2-комнатная квартира на продажу,60 м²,62 500 у.е.,2,4,6,Евроремонт,Кирпичный,"город Ташкент, Сергелийский район, массив Узгарыш, улица Мирзы Турсунзаде",1,1,0,0,0,1,0,0,0,0,0,1,0,1
306,306,2-комнатная квартира на продажу,31 м²,32 000 у.е.,2,3,4,Средний,Кирпичный,"город Ташкент, Яшнободский район, махаллинский сход граждан Фазогир, улица Иззат",0,0,0,0,0,0,0,0,0,1,0,0,0,0
307,307,2-комнатная квартира на продажу,50 м²,75 000 у.е.,2,3,4,Евроремонт,Кирпичный,"город Ташкент, Юнусабадский район, махаллинский сход граждан Биллур",1,1,1,1,1,1,1,1,1,1,1,1,1,1
308,308,1-комнатная квартира на продажу,31.88 м²,32 000 у.е.,1,1,2,Авторский проект,Другое,"город Ташкент, Янгихаётский район, 2-й квартал",0,0,0,0,0,1,0,0,0,1,0,0,0,0
309,309,2-комнатная квартира на продажу,42.3 м²,65 000 у.е.,2,3,7,Евроремонт,Кирпичный,"город Ташкент, Чиланзарский район, махаллинский сход граждан Богзар",1,0,1,1,0,1,1,1,1,1,0,1,1,0
310,310,3-комнатная квартира на продажу,96 м²,120 000 у.е.,3,9,12,Евроремонт,Панельный,"город Ташкент, Чиланзарский район, микрорайон Алмазар, улица Фурката",1,0,0,0,0,0,0,0,0,0,0,0,0,0
311,311,4-комнатная квартира на продажу,140 м²,160 000 у.е.,4,4,4,Авторский проект,Кирпичный,"город Ташкент, Чиланзарский район, махаллинский сход граждан Чарх Камалан-1, Хивинская улица",0,0,0,0,0,0,0,0,0,0,0,0,0,0
312,312,1-комнатная квартира на продажу,12 м²,16 300 у.е.,1,7,9,Средний,Панельный,"город Ташкент, Яшнободский район, махаллинский сход граждан Наврузобод",1,1,0,0,0,0,0,0,0,0,0,0,0,0
313,313,4-комнатная квартира на продажу,105 м²,105 000 у.е.,4,8,9,Евроремонт,Кирпичный,"город Ташкент, Яккасарайский район, массив Башлык",1,1,1,1,1,0,1,1,1,1,1,0,0,0
314,314,1-комнатная квартира на продажу,33.12 м²,39 850 у.е.,1,4,4,Требует ремонта,Панельный,"город Ташкент, Мирабадский район, махаллинский сход граждан Чинар",0,1,0,0,0,1,0,0,0,1,0,0,0,0
315,315,2-комнатная квартира на продажу,50 м²,60 000 у.е.,2,3,7,Средний,Кирпичный,"город Ташкент, Сергелийский район, массив Сергели-III",1,0,0,0,0,1,0,0,0,0,0,0,0,1
316,316,4-комнатная квартира на продажу,80 м²,85 000 у.е.,4,3,4,Средний,Панельный,"город Ташкент, Мирзо-Улугбекский район, махаллинский сход граждан Уйгониш",0,1,1,1,1,1,1,1,1,1,1,0,1,1
317,317,2-комнатная квартира на продажу,46 м²,71 500 у.е.,2,5,5,Евроремонт,Панельный,"город Ташкент, Мирзо-Улугбекский район, махаллинский сход граждан Алпомиш, улица Мирзо Улугбека",0,0,0,0,0,0,0,0,0,0,0,0,0,0
318,318,1-комнатная квартира на продажу,36 м²,44 500 у.е.,1,3,4,Черновая отделка,Панельный,"город Ташкент, Чиланзарский район, квартал 20А",0,0,0,0,0,0,0,0,0,0,0,0,0,0
319,319,1-комнатная квартира на продажу,52 м²,58 000 у.е.,1,9,9,Требует ремонта,Монолитный,"город Ташкент, Мирабадский район, махаллинский сход граждан Мовароуннахр, улица Нукус",1,0,0,0,0,0,0,0,0,0,0,0,0,0
320,320,5-комнатная квартира на продажу,205 м²,157 000 у.е.,5,9,10,Евроремонт,Кирпичный,"Ташкентская область, городской посёлок Эшангузар, улица Нугманова",1,0,0,0,0,0,0,0,0,0,0,0,0,0
321,321,4-комнатная квартира на продажу,90 м²,80 000 у.е.,4,7,9,Требует ремонта,Монолитный,"город Ташкент, Яшнободский район, махаллинский сход граждан Тонг, 2-й массив Тузель",1,0,0,0,0,0,0,0,0,0,0,0,0,0
322,322,2-комнатная квартира на продажу,56 м²,58 000 у.е.,2,3,16,Средний,Монолитный,"город Ташкент, Янгихаётский район, жилой комплекс Янгидархон-2",1,1,1,1,1,1,1,1,1,1,1,0,1,1
323,323,3-комнатная квартира на продажу,75.4 м²,105 000 у.е.,3,3,5,Средний,Панельный,"город Ташкент, Мирзо-Улугбекский район, 6-й квартал",0,1,1,1,1,1,1,1,0,1,1,0,0,1
324,324,3-комнатная квартира на продажу,50 м²,45 000 у.е.,3,1,2,Требует ремонта,Кирпичный,"город Ташкент, Яшнободский район, массив Авиагородок-22",0,0,0,0,0,0,0,0,0,0,0,0,0,0
325,325,1-комнатная квартира на продажу,35 м²,80 000 у.е.,1,7,9,Евроремонт,Кирпичный,"город Ташкент, Юнусабадский район, массив Ц-2, тупик улица Алай Бозори",1,0,1,1,0,0,1,1,1,0,0,0,0,0
326,326,1-комнатная квартира на продажу,30 м²,36 000 у.е.,1,2,3,Средний,Кирпичный,"город Ташкент, Мирабадский район, махаллинский сход граждан Биродарлик, улица Гейдара Алиева",0,0,0,0,0,0,0,0,0,0,0,0,0,0
327,327,2-комнатная квартира на продажу,58 м²,97 000 у.е.,2,3,9,Евроремонт,Панельный,"город Ташкент, Юнусабадский район, махаллинский сход граждан Буюк Туран, улица Осиё",1,0,0,0,0,0,0,0,0,0,0,0,0,0
328,328,3-комнатная квартира на продажу,72 м²,65 000 у.е.,3,2,4,Требует ремонта,Кирпичный,"город Ташкент, Сергелийский район, махаллинский сход граждан Олтинводий, улица Олтинводий",0,0,0,0,0,0,0,0,0,0,0,0,0,0
329,329,3-комнатная квартира на продажу,85.66 м²,70 000 у.е.,3,1,5,Средний,Панельный,"город Ташкент, Сергелийский район, махалля Олтин Водий, 2-й тупик Олтинводий",0,0,0,0,0,0,0,0,0,0,0,0,0,0
330,330,2-комнатная квартира на продажу,78 м²,128 000 у.е.,2,2,4,Евроремонт,Кирпичный,"город Ташкент, Мирзо-Улугбекский район, массив Алай, улица Олой Бозори",0,0,0,0,0,0,0,0,0,0,0,0,0,0
331,331,3-комнатная квартира на продажу,78 м²,73 000 у.е.,3,4,7,Евроремонт,Кирпичный,"город Ташкент, Янгихаётский район, 16-й квартал",1,1,0,1,1,1,1,0,0,1,0,0,1,1
332,332,3-комнатная квартира на продажу,69 м²,98 000 у.е.,3,6,9,Требует ремонта,Панельный,"город Ташкент, Мирзо-Улугбекский район, махаллинский сход граждан Хамид Олимжон, проспект Мустакиллик",1,1,0,0,1,1,0,1,0,1,0,0,0,0
333,333,3-комнатная квартира на продажу,75 м²,135 000 у.е.,3,3,9,Евроремонт,Блочный,"город Ташкент, Мирабадский район, махаллинский сход граждан Фаровон, улица Мирабад",1,0,0,0,0,0,0,0,0,0,0,0,0,0
334,334,2-комнатная квартира на продажу,50 м²,63 350 у.е.,2,3,4,Евроремонт,Панельный,"город Ташкент, Учтепинский район, 14-й квартал",0,1,0,0,0,1,0,0,0,1,1,0,0,1
335,335,2-комнатная квартира на продажу,56.7 м²,37 000 у.е.,2,2,4,Средний,Панельный,"Ташкентская область, Чирчик, проспект Амира Темура",0,0,0,1,1,1,1,1,0,1,0,0,0,0
336,336,4-комнатная квартира на продажу,92 м²,88 000 у.е.,4,2,5,Евроремонт,Панельный,"город Ташкент, Сергелийский район, махаллинский сход граждан Саховат",0,0,0,0,0,1,1,0,1,1,0,0,0,0
337,337,4-комнатная квартира на продажу,111 м²,88 000 у.е.,4,2,9,Средний,Кирпичный,"город Ташкент, Алмазарский район, махаллинский сход граждан Зиё, улица Талабалар",1,1,1,1,1,1,1,1,1,0,0,0,0,1
338,338,4-комнатная квартира на продажу,82 м²,140 000 у.е.,4,2,4,Средний,Кирпичный,"город Ташкент, Яккасарайский район, махаллинский сход граждан Беларык, улица Ракат",0,1,1,1,0,1,0,1,1,1,1,0,0,1
339,339,2-комнатная квартира на продажу,60 м²,120 000 у.е.,2,4,4,Евроремонт,Кирпичный,"город Ташкент, Мирабадский район, махаллинский сход граждан Ат-Тирмизи, улица Афросиаб",0,0,0,0,0,0,0,0,0,0,0,0,0,0
340,340,2-комнатная квартира на продажу,60 м²,83 000 у.е.,2,4,4,Средний,Кирпичный,"город Ташкент, Яккасарайский район, махаллинский сход граждан Богсарай, улица Бешчинар",0,0,0,0,0,0,0,0,0,0,0,0,0,0
341,341,1-комнатная квартира на продажу,50 м²,83 000 у.е.,1,3,9,Средний,Блочный,"город Ташкент, Мирабадский район, махаллинский сход граждан Афрасиаб, улица Афросиаб",1,0,0,0,0,0,0,0,0,0,0,0,0,0
342,342,3-комнатная квартира на продажу,84 м²,115 000 у.е.,3,4,4,Евроремонт,Кирпичный,"город Ташкент, Мирабадский район, махаллинский сход граждан Шараф Рашидов, улица Якуба Коласа",0,0,0,0,0,0,0,0,0,0,0,0,0,0
343,343,1-комнатная квартира на продажу,51 м²,56 500 у.е.,1,1,4,Евроремонт,Панельный,"город Ташкент, Мирзо-Улугбекский район, массив Феруза-3",0,0,0,0,0,0,0,0,0,0,0,0,0,0
344,344,3-комнатная квартира на продажу,160 м²,175 000 у.е.,3,1,3,Евроремонт,Кирпичный,"город Ташкент, Шайхантахурский район, махаллинский сход граждан Ипакчи, улица Ипакчи",0,0,0,0,0,0,0,0,0,0,0,0,0,0
345,345,2-комнатная квартира на продажу,60.8 м²,50 500 у.е.,2,6,10,Черновая отделка,Монолитный,"город Ташкент, Яшнободский район, махаллинский сход граждан Куксарой",1,0,0,0,0,1,0,0,0,0,0,1,1,1
346,346,2-комнатная квартира на продажу,56.16 м²,56 000 у.е.,2,4,5,Средний,Панельный,"город Ташкент, Янгихаётский район, массив Дустлик-1",0,1,1,0,1,1,1,1,1,1,1,0,0,1
347,347,3-комнатная квартира на продажу,63 м²,105 000 у.е.,3,4,4,Евроремонт,Кирпичный,"город Ташкент, Яккасарайский район, махаллинский сход граждан Конституция, улица Юсуфа Хос Ходжиба",0,0,1,1,1,1,1,1,1,1,1,0,0,1
348,348,2-комнатная квартира на продажу,56.4 м²,65 000 у.е.,2,5,5,Средний,Монолитный,"город Ташкент, Юнусабадский район, 5-й квартал",0,0,1,0,0,1,0,1,0,1,0,0,0,0
349,349,2-комнатная квартира на продажу,42 м²,106 000 у.е.,2,7,9,Евроремонт,Кирпичный,"город Ташкент, Юнусабадский район, махаллинский сход граждан Богишамол, улица Ахмада Дониша",1,0,0,0,0,0,0,0,0,0,0,0,0,0
350,350,4-комнатная квартира на продажу,84 м²,86 000 у.е.,4,2,4,Средний,Панельный,"город Ташкент, Алмазарский район, квартал 1/4",0,0,1,0,0,0,0,0,1,0,0,0,0,0
351,351,2-комнатная квартира на продажу,61 м²,85 000 у.е.,2,2,5,Евроремонт,Панельный,"город Ташкент, Шайхантахурский район, махаллинский сход граждан Жангох",0,1,1,1,1,1,1,1,1,1,1,1,1,1
352,352,2-комнатная квартира на продажу,60 м²,65 000 у.е.,2,3,4,Евроремонт,Кирпичный,"город Ташкент, Яшнободский район, махаллинский сход граждан Маърифат, улица Эльбека",0,0,0,0,0,0,0,0,0,0,0,0,0,0
353,353,3-комнатная квартира на продажу,56 м²,120 000 у.е.,3,4,4,Евроремонт,Кирпичный,"Ташкентская область, махаллинский сход граждан Гулистон, улица Миробод",0,0,1,1,1,0,1,1,1,0,0,0,0,0
354,354,1-комнатная квартира на продажу,35 м²,50 500 у.е.,1,2,4,Евроремонт,Другое,"город Ташкент, Чиланзарский район, махалля Чилонзор, улица Мукими",0,0,0,0,0,0,0,0,0,0,0,0,0,0
355,355,4-комнатная квартира на продажу,100 м²,95 000 у.е.,4,8,9,Евроремонт,Панельный,"город Ташкент, Мирабадский район, 3-й квартал",1,0,0,0,0,0,0,0,0,0,0,0,0,0
356,356,2-комнатная квартира на продажу,60 м²,55 000 у.е.,2,4,5,Требует ремонта,Панельный,"город Ташкент, Яшнободский район, махаллинский сход граждан Парвоз",0,0,0,0,0,0,0,0,0,0,0,0,0,0
357,357,1-комнатная квартира на продажу,31 м²,42 000 у.е.,1,2,6,Требует ремонта,Кирпичный,"город Ташкент, Сергелийский район, махаллинский сход граждан Хабибий, улица Мирзы Турсунзаде",1,0,0,0,0,1,1,0,0,1,0,0,0,0
358,358,2-комнатная квартира на продажу,50 м²,80 000 у.е.,2,9,10,Черновая отделка,Кирпичный,"город Ташкент, Юнусабадский район, массив Минор, проезд Минор",1,0,0,0,0,1,0,0,0,0,0,1,1,0
359,359,3-комнатная квартира на продажу,71 м²,87 000 у.е.,3,4,4,Евроремонт,Кирпичный,"город Ташкент, Чиланзарский район, массив Наккашлык",0,0,0,0,0,0,0,0,0,0,0,0,0,0
360,360,2-комнатная квартира на продажу,60 м²,83 000 у.е.,2,2,4,Средний,Кирпичный,"город Ташкент, Яшнободский район, 4-й квартал",0,0,1,1,0,1,1,1,1,1,1,0,0,0
361,361,1-комнатная квартира на продажу,43 м²,44 500 у.е.,1,6,9,Средний,Монолитный,"город Ташкент, Сергелийский район, махаллинский сход граждан Хабибий",1,0,0,0,0,0,0,0,0,0,0,0,0,0
362,362,1-комнатная квартира на продажу,30 м²,51 000 у.е.,1,1,4,Средний,Кирпичный,"город Ташкент, Яккасарайский район, махаллинский сход граждан Бабур, улица Абдуллы Каххара",0,1,1,1,0,1,0,0,1,1,1,0,1,0
363,363,3-комнатная квартира на продажу,72.4 м²,85 000 у.е.,3,2,4,Средний,Кирпичный,"город Ташкент, Мирзо-Улугбекский район, махаллинский сход граждан Геофизика",0,1,0,0,0,1,0,0,0,1,1,0,0,0
364,364,2-комнатная квартира на продажу,50 м²,69 500 у.е.,2,2,5,Евроремонт,Другое,"город Ташкент, Чиланзарский район, 3-й квартал",0,0,0,0,0,0,0,0,0,0,0,0,0,0
365,365,3-комнатная квартира на продажу,78 м²,88 000 у.е.,3,3,4,Евроремонт,Кирпичный,"город Ташкент, Мирзо-Улугбекский район, массив Феруза-1",0,1,1,1,0,1,1,1,0,0,1,1,0,1
366,366,3-комнатная квартира на продажу,72 м²,66 500 у.е.,3,5,5,Средний,Панельный,"город Ташкент, Юнусабадский район, махаллинский сход граждан Кушчинор",0,0,0,0,0,0,0,0,0,0,0,0,0,0
367,367,1-комнатная квартира на продажу,38 м²,45 000 у.е.,1,4,4,Средний,Панельный,"город Ташкент, Яшнободский район, махаллинский сход граждан Илтифот, улица Авиасозлар",0,1,1,0,0,1,1,0,1,1,0,0,0,0
368,368,3-комнатная квартира на продажу,72 м²,80 000 у.е.,3,1,9,Средний,Панельный,"город Ташкент, Яшнободский район, махаллинский сход граждан Журабек, Фергана Йули",1,1,0,1,1,1,1,0,1,1,1,1,0,1
369,369,1-комнатная квартира на продажу,40 м²,41 000 у.е.,1,3,4,Средний,Панельный,"город Ташкент, Яшнободский район, массив Уйсозлар",0,1,0,0,0,1,0,0,1,1,1,0,0,1
370,370,1-комнатная квартира на продажу,45 м²,51 000 у.е.,1,1,4,Средний,Монолитный,"город Ташкент, Мирзо-Улугбекский район, массив Феруза-2, улица Феруза",0,1,1,0,0,1,1,1,0,1,1,0,0,1
371,371,4-комнатная квартира на продажу,100 м²,157 000 у.е.,4,4,9,Евроремонт,Панельный,"город Ташкент, Мирзо-Улугбекский район, махаллинский сход граждан Темурийлар, улица Амир Темур",1,0,0,0,0,0,0,0,0,0,0,0,0,0
372,372,2-комнатная квартира на продажу,61.02 м²,80 000 у.е.,2,3,5,Средний,Панельный,"город Ташкент, Мирзо-Улугбекский район, массив Ахмада Югнаки, улица Ахмада Югнаки",0,0,1,1,0,0,1,1,1,0,0,0,0,0
373,373,4-комнатная квартира на продажу,92 м²,85 000 у.е.,4,8,9,Средний,Панельный,"город Ташкент, Мирзо-Улугбекский район, массив Хумаюн",1,0,0,0,0,0,0,0,0,0,0,0,0,0
374,374,1-комнатная квартира на продажу,30 м²,39 500 у.е.,1,5,5,Авторский проект,Панельный,"город Ташкент, Яшнободский район, махаллинский сход граждан Фазогир, улица Корасув",0,0,1,1,0,1,1,1,1,1,1,1,1,1
375,375,2-комнатная квартира на продажу,43 м²,27 000 у.е.,2,1,5,Евроремонт,Кирпичный,"Хорезмская область, Ургенч, махаллинский сход граждан Учкуприк, проспект Аль-Хорезми",0,0,1,1,0,1,1,1,0,0,0,0,0,1
376,376,1-комнатная квартира на продажу,38 м²,60 000 у.е.,1,4,12,Евроремонт,Панельный,"город Ташкент, Юнусабадский район, 13-й квартал, улица Ниязбек",1,0,0,0,0,1,0,0,0,1,0,0,1,0
377,377,2-комнатная квартира на продажу,55 м²,61 500 у.е.,2,3,4,Средний,Кирпичный,"город Ташкент, Юнусабадский район, махаллинский сход граждан Отчопар-1, Шахристанская улица",0,0,0,0,0,0,0,0,0,0,0,0,0,0
378,378,4-комнатная квартира на продажу,92 м²,92 500 у.е.,4,3,5,Средний,Панельный,"город Ташкент, Юнусабадский район, махаллинский сход граждан Собиробод",0,0,0,0,0,0,0,0,0,0,0,0,0,0
379,379,4-комнатная квартира на продажу,80 м²,89 000 у.е.,4,3,4,Средний,Панельный,"город Ташкент, Юнусабадский район, махаллинский сход граждан Мингчинор",0,0,0,0,0,0,0,0,0,0,0,0,0,0
380,380,2-комнатная квартира на продажу,58 м²,54 500 у.е.,2,4,4,Авторский проект,Кирпичный,"город Ташкент, Юнусабадский район, махаллинский сход граждан Абад, улица Зарбулак",0,0,0,0,0,0,0,0,0,0,0,0,0,0
381,381,3-комнатная квартира на продажу,78 м²,73 000 у.е.,3,2,5,Средний,Панельный,"город Ташкент, Сергелийский район, 6-й квартал",0,0,0,0,0,0,0,0,0,0,0,0,0,0
382,382,3-комнатная квартира на продажу,67 м²,40 000 у.е.,3,5,5,Требует ремонта,Кирпичный,"Ташкентская область, Чирчик, улица Маданият",0,0,0,0,0,1,0,0,0,1,1,0,0,1
383,383,2-комнатная квартира на продажу,38 м²,41 000 у.е.,2,4,4,Средний,Кирпичный,"город Ташкент, Яшнободский район, махаллинский сход граждан Бойкургон, улица Янгибозор",0,0,0,0,0,0,0,0,0,0,0,0,0,0
384,384,4-комнатная квартира на продажу,100 м²,115 000 у.е.,4,6,9,Средний,Панельный,"город Ташкент, Чиланзарский район, махаллинский сход граждан Кичик Хирмантепа, улица Аль-Хорезми",1,1,1,1,0,1,1,1,1,1,1,0,0,1
385,385,3-комнатная квартира на продажу,56 м²,30 895.02 у.е.,3,4,4,Евроремонт,Кирпичный,"Кашкадарьинская область, Карши, 6-й микрорайон",0,1,0,0,0,0,0,0,0,0,0,0,0,0
386,386,3-комнатная квартира на продажу,100 м²,110 000 у.е.,3,5,9,Евроремонт,Панельный,"город Ташкент, Яккасарайский район, махаллинский сход граждан Конституция",1,0,1,1,1,0,1,1,1,1,0,0,0,0
387,387,3-комнатная квартира на продажу,84 м²,105 000 у.е.,3,5,5,Средний,Кирпичный,"город Ташкент, Мирабадский район, махаллинский сход граждан Янги Мирабад, улица Авлиё-Ота",0,0,0,0,0,0,0,0,0,0,0,0,0,0
388,388,3-комнатная квартира на продажу,75 м²,127 000 у.е.,3,7,9,Евроремонт,Панельный,"город Ташкент, Мирабадский район, махаллинский сход граждан Мингурик, улица Шахрисабз",1,0,0,0,0,0,0,0,0,0,0,0,0,0
389,389,2-комнатная квартира на продажу,55 м²,103 000 у.е.,2,4,4,Авторский проект,Кирпичный,"город Ташкент, Яккасарайский район, махаллинский сход граждан Дилбулок, улица Шота Руставели",0,0,1,1,0,0,1,1,1,1,0,0,0,0
390,390,1-комнатная квартира на продажу,25 м²,27 000 у.е.,1,2,9,Авторский проект,Панельный,"город Ташкент, Чиланзарский район, махаллинский сход граждан Катта-Казирабад, Малая кольцевая дорога",1,1,1,0,0,1,0,1,0,1,1,0,1,1
391,391,1-комнатная квартира на продажу,20 м²,23 555 у.е.,1,3,4,Евроремонт,Кирпичный,"город Ташкент, Чиланзарский район, массив Наккашлык, 4-й проезд Домбрабад",0,1,0,0,0,1,0,0,0,1,1,0,0,1
392,392,2-комнатная квартира на продажу,50 м²,56 950 у.е.,2,2,4,Евроремонт,Панельный,"город Ташкент, Учтепинский район, 21-й квартал",0,1,1,1,0,1,1,1,1,1,1,0,0,1
393,393,1-комнатная квартира на продажу,27 м²,31 500 у.е.,1,3,4,Требует ремонта,Кирпичный,"город Ташкент, Юнусабадский район, махаллинский сход граждан Хусниобод",0,0,0,0,0,0,0,0,0,0,0,0,0,0
394,394,3-комнатная квартира на продажу,68 м²,80 000 у.е.,3,3,4,Средний,Кирпичный,"город Ташкент, Мирзо-Улугбекский район, махаллинский сход граждан Шахриобод",0,0,0,0,0,0,0,0,0,0,0,0,0,0
395,395,3-комнатная квартира на продажу,111 м²,190 000 у.е.,3,4,7,Евроремонт,Кирпичный,"город Ташкент, Мирзо-Улугбекский район, махаллинский сход граждан Аккурган, улица Катта Дархон",1,0,0,0,0,0,0,0,0,0,0,0,0,0
396,396,3-комнатная квартира на продажу,109.66 м²,150 000 у.е.,3,6,7,Средний,Кирпичный,"город Ташкент, Мирзо-Улугбекский район, махаллинский сход граждан Дархан, 3-й проезд Катта-Дархан",1,0,0,0,0,0,0,0,0,0,0,0,0,0
397,397,2-комнатная квартира на продажу,60 м²,80 000 у.е.,2,3,4,Евроремонт,Панельный,"город Ташкент, Мирзо-Улугбекский район, махаллинский сход граждан Олимлар, улица Дурмон йули",0,0,0,0,0,0,0,0,0,0,0,0,0,0
398,398,2-комнатная квартира на продажу,63 м²,90 000 у.е.,2,1,9,Евроремонт,Кирпичный,"Кашкадарьинская область, Шахрисабз, махаллинский сход граждан Синабог, улица Шохсарой",1,1,1,1,1,1,1,1,1,1,1,0,1,1
399,399,4-комнатная квартира на продажу,90 м²,120 000 у.е.,4,9,12,Евроремонт,Монолитный,"город Ташкент, Яшнободский район, махаллинский сход граждан Наврузобод, 6-й проезд Авиасозлар",1,1,1,0,0,1,1,1,1,1,0,0,1,0
400,400,3-комнатная квартира на продажу,70 м²,121 000 у.е.,3,2,5,Авторский проект,Кирпичный,"город Ташкент, Яккасарайский район, махалля Абдулла Каххор, улица Бабура",0,0,1,1,0,0,1,1,1,1,0,0,0,0
401,401,4-комнатная квартира на продажу,140 м²,105 000 у.е.,4,8,9,Черновая отделка,No material,"город Ташкент, Юнусабадский район, Минор",1,0,0,1,0,1,0,0,0,0,1,1,1,1
402,402,2-комнатная квартира на продажу,56 м²,65 000 у.е.,2,1,4,Авторский проект,Кирпичный,"город Ташкент, Мирзо-Улугбекский район, махаллинский сход граждан Навнихол, улица Муминова",0,0,0,0,0,0,0,0,0,0,0,0,0,0
403,403,2-комнатная квартира на продажу,57 м²,82 000 у.е.,2,7,9,Евроремонт,Панельный,"город Ташкент, Яккасарайский район, махаллинский сход граждан Бобур, улица Бабура",1,1,1,1,0,0,1,0,0,1,0,0,0,0
404,404,1-комнатная квартира на продажу,20 м²,26 000 у.е.,1,4,4,Средний,Кирпичный,"город Ташкент, Яккасарайский район, махаллинский сход граждан Мухандислар, улица Шота Руставели",0,0,0,1,0,1,1,1,1,1,0,0,0,1
405,405,2-комнатная квартира на продажу,30 м²,80 000 у.е.,2,7,8,Евроремонт,Кирпичный,"город Ташкент, Юнусабадский район, массив Ц-2, проезд Олой Бозори",1,0,0,1,0,0,1,1,1,0,0,0,0,0
406,406,2-комнатная квартира на продажу,60 м²,81 000 у.е.,2,4,9,Евроремонт,Монолитный,"город Ташкент, Яккасарайский район, махаллинский сход граждан Абдулла Каххар, улица Бабура",1,0,0,0,0,0,0,0,0,0,0,0,0,0
407,407,2-комнатная квартира на продажу,47 м²,56 000 у.е.,2,3,4,Средний,Кирпичный,"город Ташкент, Чиланзарский район, махаллинский сход граждан Гулистан",0,0,0,0,0,0,0,0,0,0,0,0,0,0
408,408,3-комнатная квартира на продажу,94 м²,137 000 у.е.,3,4,6,Черновая отделка,Кирпичный,"город Ташкент, Яшнободский район, махаллинский сход граждан Ташисти, улица Ифтихор",1,0,0,0,0,0,0,0,0,0,0,0,0,0
409,409,2-комнатная квартира на продажу,53 м²,72 000 у.е.,2,2,5,Евроремонт,Кирпичный,"город Ташкент, Яккасарайский район, махаллинский сход граждан Тукимачи, улица Шота Руставели",0,1,1,1,1,1,1,1,1,1,1,1,1,1
410,410,2-комнатная квартира на продажу,58 м²,65 000 у.е.,2,3,4,Евроремонт,Панельный,"Ташкентская область, городской посёлок Салар, улица Зиёкорлар",0,1,1,1,0,1,1,1,1,1,1,0,0,1
411,411,5-комнатная квартира на продажу,97 м²,95 000 у.е.,5,5,5,Евроремонт,Панельный,"город Ташкент, Шайхантахурский район, махаллинский сход граждан Обиназир, улица Тошкуча",0,0,0,0,0,0,0,0,0,0,0,0,0,0
412,412,1-комнатная квартира на продажу,19 м²,25 000 у.е.,1,5,9,Евроремонт,Панельный,"город Ташкент, Яшнободский район, махаллинский сход граждан Авиасозлар, улица Авиасозлар",1,0,0,0,0,0,0,0,0,0,0,0,0,0
413,413,2-комнатная квартира на продажу,62 м²,96 000 у.е.,2,3,4,Евроремонт,Кирпичный,"город Ташкент, Мирзо-Улугбекский район, махаллинский сход граждан Дархан, улица Аккурган",0,0,1,0,0,0,1,1,1,1,0,0,0,1
414,414,2-комнатная квартира на продажу,50 м²,68 000 у.е.,2,3,5,Евроремонт,Другое,"город Ташкент, Чиланзарский район, 6-й квартал",0,0,0,0,0,0,0,0,0,0,0,0,0,0
415,415,3-комнатная квартира на продажу,70 м²,103 000 у.е.,3,8,9,Авторский проект,Кирпичный,"город Ташкент, Мирзо-Улугбекский район, махаллинский сход граждан Дархан, проспект Мустакиллик",1,0,1,1,0,0,1,1,1,1,0,0,0,0
416,416,3-комнатная квартира на продажу,68 м²,90 000 у.е.,3,2,4,Требует ремонта,Кирпичный,"город Ташкент, Чиланзарский район, массив Алгоритм-Г35",0,0,0,0,0,0,0,0,0,0,0,0,0,0
417,417,4-комнатная квартира на продажу,87 м²,130 000 у.е.,4,4,5,Евроремонт,Панельный,"город Ташкент, Шайхантахурский район, массив Чорсу",0,1,1,1,1,1,1,1,1,1,1,0,1,1
418,418,2-комнатная квартира на продажу,50 м²,64 000 у.е.,2,2,5,Евроремонт,Другое,"город Ташкент, Чиланзарский район, 17-й квартал",0,0,0,0,0,0,0,0,0,0,0,0,0,0
419,419,2-комнатная квартира на продажу,45 м²,62 500 у.е.,2,2,4,Евроремонт,Кирпичный,"город Ташкент, Учтепинский район, квартал Г9А",0,0,0,0,0,0,0,0,0,0,0,0,0,0
420,420,1-комнатная квартира на продажу,30 м²,48 000 у.е.,1,3,4,Евроремонт,Монолитный,"город Ташкент, Чиланзарский район, 7-й квартал",0,0,0,0,0,0,0,0,0,0,0,0,0,0
421,421,1-комнатная квартира на продажу,30 м²,48 000 у.е.,1,2,4,Евроремонт,Кирпичный,"город Ташкент, Чиланзарский район, 4-й квартал",0,0,0,0,0,0,0,0,0,0,0,0,0,0
422,422,3-комнатная квартира на продажу,75 м²,88 000 у.е.,3,4,9,Средний,Блочный,"город Ташкент, Яшнободский район, махаллинский сход граждан Бойкургон, 1-я улица Мавляна Риёзи",1,1,1,1,0,1,1,1,1,1,1,0,0,1
423,423,3-комнатная квартира на продажу,70 м²,95 000 у.е.,3,4,5,Евроремонт,Кирпичный,"город Ташкент, Мирабадский район, махаллинский сход граждан Тонг Юлдузи, Фергана Йули",0,0,0,0,0,0,0,0,0,0,0,0,0,0
424,424,2-комнатная квартира на продажу,60 м²,58 000 у.е.,2,8,9,Требует ремонта,Панельный,"город Ташкент, Яшнободский район, махаллинский сход граждан Машинасозлар, улица Боткина",1,1,0,0,0,1,0,0,0,1,1,0,0,0
425,425,3-комнатная квартира на продажу,55 м²,75 000 у.е.,3,1,4,Средний,Кирпичный,"город Ташкент, Юнусабадский район, махаллинский сход граждан Янгитарнов, 2-й проезд Козитарнов",0,0,0,0,0,0,0,0,0,1,0,0,0,1
426,426,2-комнатная квартира на продажу,50 м²,52 200 у.е.,2,4,4,Евроремонт,Панельный,"город Ташкент, Учтепинский район, 15-й квартал",0,0,0,0,0,0,0,0,0,0,0,0,0,0
427,427,3-комнатная квартира на продажу,86 м²,115 000 у.е.,3,4,4,Средний,Кирпичный,"город Ташкент, Мирзо-Улугбекский район, махаллинский сход граждан Окибат",0,0,0,0,0,0,0,0,0,0,0,0,0,0
428,428,3-комнатная квартира на продажу,75 м²,128 000 у.е.,3,3,9,Евроремонт,Панельный,"город Ташкент, Мирзо-Улугбекский район, махаллинский сход граждан Шахрисабз",1,0,0,0,0,0,0,0,0,0,0,0,0,0
429,429,3-комнатная квартира на продажу,131 м²,168 000 у.е.,3,5,9,Евроремонт,Кирпичный,"город Ташкент, Яшнободский район, махаллинский сход граждан Дустобод, улица Олтинтепа",1,1,1,1,1,1,1,1,1,1,1,1,1,1
430,430,2-комнатная квартира на продажу,63.5 м²,165 000 у.е.,2,12,12,Евроремонт,Кирпичный,"город Ташкент, Мирзо-Улугбекский район, махалля Сайрам, улица Сайрам",1,0,0,0,0,0,0,0,0,0,0,0,0,0
431,431,3-комнатная квартира на продажу,66 м²,73 000 у.е.,3,4,5,Средний,Кирпичный,"город Ташкент, Яшнободский район, махаллинский сход граждан Калкон",0,1,0,0,0,1,0,0,0,1,1,0,0,0
432,432,2-комнатная квартира на продажу,52 м²,60 000 у.е.,2,1,4,Средний,Кирпичный,"город Ташкент, Учтепинский район, махаллинский сход граждан Гузар, улица Лутфий",0,0,0,0,0,0,0,0,0,0,0,0,0,0
433,433,4-комнатная квартира на продажу,95 м²,115 000 у.е.,4,6,9,Требует ремонта,Панельный,"город Ташкент, Мирзо-Улугбекский район, махаллинский сход граждан Асака, улица Мирзакалона Исмаили",1,0,0,0,0,0,0,0,0,0,0,0,0,0
434,434,3-комнатная квартира на продажу,68 м²,63 000 у.е.,3,5,5,Средний,Кирпичный,"город Ташкент, Учтепинский район, махаллинский сход граждан Тинчликабад",0,0,1,1,0,0,1,1,1,0,1,0,0,0
435,435,2-комнатная квартира на продажу,70 м²,66 000 у.е.,2,5,8,Средний,Кирпичный,"город Ташкент, Янгихаётский район, махаллинский сход граждан Мархамат",1,1,0,0,0,1,0,0,0,1,0,0,0,1
436,436,4-комнатная квартира на продажу,90 м²,85 000 у.е.,4,3,3,Средний,Кирпичный,"город Ташкент, Алмазарский район, махаллинский сход граждан Ачабад, улица Сагбан",0,1,0,0,0,1,1,0,0,1,0,0,0,1
437,437,1-комнатная квартира на продажу,38 м²,46 500 у.е.,1,2,5,Требует ремонта,Панельный,"город Ташкент, Юнусабадский район, 19-й квартал",0,0,0,0,0,0,0,0,0,0,0,0,0,0
438,438,3-комнатная квартира на продажу,108 м²,200 000 у.е.,3,6,10,Евроремонт,Другое,"город Ташкент, Юнусабадский район, махаллинский сход граждан Кашгар, улица Абдуллы Кадыри",1,0,0,0,0,0,0,0,0,0,0,0,0,0
439,439,3-комнатная квартира на продажу,65 м²,130 000 у.е.,3,3,4,Евроремонт,Кирпичный,"город Ташкент, Яккасарайский район, массив Ракат, улица Беларик",0,0,0,0,0,0,0,0,0,0,0,0,0,0
440,440,2-комнатная квартира на продажу,50 м²,72 000 у.е.,2,5,5,Средний,Панельный,"город Ташкент, Мирзо-Улугбекский район, массив Буз-1, улица Мирзо Улугбека",0,0,0,0,0,0,0,0,0,0,0,0,0,0
441,441,2-комнатная квартира на продажу,52 м²,52 000 у.е.,2,2,2,Средний,Кирпичный,"город Ташкент, Бектемирский район, махаллинский сход граждан Рахат",0,0,0,0,0,0,0,0,0,0,0,0,0,0
442,442,1-комнатная квартира на продажу,31 м²,37 000 у.е.,1,1,4,Евроремонт,Монолитный,"город Ташкент, Мирзо-Улугбекский район, махаллинский сход граждан Тракторсозлар, 5-й проезд Буюк Ипак Йули",0,0,1,1,1,1,1,1,1,1,1,1,1,1
443,443,4-комнатная квартира на продажу,95 м²,110 000 у.е.,4,3,9,Евроремонт,Панельный,"город Ташкент, Алмазарский район, махаллинский сход граждан Зиё, Малая кольцевая дорога",1,1,0,0,0,1,0,0,1,1,1,0,0,0
444,444,4-комнатная квартира на продажу,109 м²,100 000 у.е.,4,1,4,Средний,Кирпичный,"Ташкентская область, городской посёлок Салар, Университетская улица",0,0,0,0,0,1,0,0,1,0,0,0,0,1
445,445,2-комнатная квартира на продажу,45 м²,53 500 у.е.,2,5,5,Средний,Кирпичный,"город Ташкент, Чиланзарский район, махаллинский сход граждан Чарх Камалан-3, улица Мукими",0,1,0,0,0,1,0,0,0,1,1,0,0,1
446,446,3-комнатная квартира на продажу,84 м²,105 000 у.е.,3,3,4,Средний,Кирпичный,"город Ташкент, Шайхантахурский район, массив Ц-12",0,0,0,0,0,0,0,0,0,0,0,0,0,0
447,447,2-комнатная квартира на продажу,58 м²,48 500 у.е.,2,4,4,Средний,Кирпичный,"город Ташкент, Яшнободский район, махаллинский сход граждан Тузель, улица Тузел 1",0,0,0,0,0,0,0,0,0,0,0,0,0,0
448,448,2-комнатная квартира на продажу,57 м²,58 000 у.е.,2,4,4,Черновая отделка,Кирпичный,"город Ташкент, Мирзо-Улугбекский район, махаллинский сход граждан Подшобог, тупик Туртарык",0,0,0,0,0,0,0,0,0,0,0,0,0,0
449,449,1-комнатная квартира на продажу,42 м²,43 000 у.е.,1,5,5,Авторский проект,Панельный,"город Ташкент, Сергелийский район, махаллинский сход граждан Иттифок",0,0,0,0,0,1,0,1,1,1,1,0,1,1
450,450,4-комнатная квартира на продажу,109 м²,120 000 у.е.,4,2,5,Средний,Панельный,"город Ташкент, Мирабадский район, махаллинский сход граждан Янги Замон, тупик Куддус",0,1,0,0,0,1,0,0,0,1,1,0,0,1
451,451,1-комнатная квартира на продажу,38 м²,44 000 у.е.,1,3,5,Средний,Панельный,"город Ташкент, Янгихаётский район, махаллинский сход граждан Файзли, улица Кипчак",1,1,1,1,1,1,1,1,1,1,1,1,1,1
452,452,3-комнатная квартира на продажу,80 м²,90 000 у.е.,3,1,9,Евроремонт,Монолитный,"город Ташкент, Учтепинский район, массив Изза, улица Пойгох",1,0,0,0,0,0,0,0,0,0,0,0,0,0
453,453,2-комнатная квартира на продажу,45 м²,69 000 у.е.,2,3,5,Средний,Панельный,"город Ташкент, Юнусабадский район, 5-й квартал, улица Еттичинор",0,0,0,0,0,0,0,0,0,0,0,0,0,0
454,454,3-комнатная квартира на продажу,70 м²,78 000 у.е.,3,3,4,Евроремонт,Кирпичный,"город Ташкент, Яшнободский район, 1-й квартал",0,0,1,1,1,1,1,1,1,1,1,0,1,0
455,455,4-комнатная квартира на продажу,95 м²,90 000 у.е.,4,5,5,Средний,Панельный,"город Ташкент, Юнусабадский район, махаллинский сход граждан Узбекистан Мустакиллиги",0,1,1,1,1,0,1,1,0,0,0,0,0,0
456,456,3-комнатная квартира на продажу,65.84 м²,53 000 у.е.,3,7,10,Евроремонт,Монолитный,"город Ташкент, Бектемирский район, махаллинский сход граждан Абай, улица Г60",1,0,0,0,0,1,0,0,0,0,0,0,0,0
457,457,4-комнатная квартира на продажу,112 м²,100 000 у.е.,4,2,5,Средний,Панельный,"город Ташкент, Сергелийский район, махаллинский сход граждан Халкобод",0,1,1,1,1,1,1,1,1,1,1,0,0,1
458,458,2-комнатная квартира на продажу,60.3 м²,60 000 у.е.,2,1,3,Авторский проект,Другое,"город Ташкент, Мирзо-Улугбекский район, махаллинский сход граждан Жасорат, улица Хислат",0,0,0,0,0,1,0,0,0,1,1,0,0,1
459,459,5-комнатная квартира на продажу,800 м²,78 000 у.е.,5,1,1,Средний,Кирпичный,"Ташкентская область, населённый пункт Май, село Болгаровка, 4Р8",0,0,0,0,0,0,0,0,0,0,0,0,0,0
460,460,4-комнатная квартира на продажу,100 м²,85 000 у.е.,4,7,9,Средний,Панельный,"город Ташкент, Мирзо-Улугбекский район, махаллинский сход граждан Чимён, улица Карасу 1",1,1,0,0,0,1,0,0,0,1,0,0,0,1
461,461,2-комнатная квартира на продажу,52 м²,66 555 у.е.,2,3,4,Евроремонт,Панельный,"город Ташкент, Чиланзарский район, махаллинский сход граждан Ботирма, улица Машраба",0,0,1,1,0,1,1,1,1,1,1,0,0,1
462,462,1-комнатная квартира на продажу,46 м²,42 500 у.е.,1,6,9,Требует ремонта,Панельный,"город Ташкент, Юнусабадский район, махаллинский сход граждан Ифтихор, проспект Амира Темура",1,0,0,0,0,0,0,0,0,0,0,0,0,0
463,463,4-комнатная квартира на продажу,200 м²,395 000 у.е.,4,2,5,Евроремонт,Кирпичный,"город Ташкент, Яшнободский район, махаллинский сход граждан Чулпон, улица Эльбека",0,0,0,0,0,0,0,0,0,0,0,0,0,0
464,464,2-комнатная квартира на продажу,62 м²,95 000 у.е.,2,1,4,Евроремонт,Панельный,"город Ташкент, Мирабадский район, массив Айбек, улица Айбека",0,0,0,0,0,0,0,0,0,0,0,0,0,0
465,465,3-комнатная квартира на продажу,78 м²,95 000 у.е.,3,3,5,Евроремонт,Панельный,"город Ташкент, Мирзо-Улугбекский район, 2-й квартал",0,0,0,0,0,0,0,0,0,0,0,0,0,0
466,466,3-комнатная квартира на продажу,73.3 м²,67 000 у.е.,3,4,4,Требует ремонта,Панельный,"город Ташкент, Мирзо-Улугбекский район, махаллинский сход граждан Камолот",0,0,0,0,0,0,0,0,0,0,0,0,0,0
467,467,4-комнатная квартира на продажу,91 м²,110 000 у.е.,4,1,5,Авторский проект,Панельный,"город Ташкент, Сергелийский район, квартал Сергели-4",0,1,0,0,0,1,0,0,1,1,1,0,0,1
468,468,3-комнатная квартира на продажу,79 м²,77 000 у.е.,3,8,9,Евроремонт,Панельный,"город Ташкент, Яшнободский район, махаллинский сход граждан Амир Темур, 2-й проезд Бирлашган",1,0,0,0,0,0,0,0,0,0,0,0,0,0
469,469,3-комнатная квартира на продажу,75 м²,120 000 у.е.,3,8,9,Средний,Панельный,"город Ташкент, Яккасарайский район, махаллинский сход граждан Юнус Раджаби, улица Афросиаб",1,1,0,0,0,0,1,0,0,0,0,0,0,0
470,470,1-комнатная квартира на продажу,30 м²,72 000 у.е.,1,4,4,Евроремонт,Кирпичный,"город Ташкент, Яккасарайский район, махалля Богсарой, улица Сарабустон",0,0,0,1,0,0,1,1,0,0,0,0,0,0
471,471,2-комнатная квартира на продажу,57 м²,75 000 у.е.,2,8,9,Требует ремонта,Панельный,"город Ташкент, Юнусабадский район, массив Минор, улица Осиё",1,0,0,0,0,0,0,0,0,0,0,0,0,0
472,472,1-комнатная квартира на продажу,37 м²,56 000 у.е.,1,1,4,Средний,Панельный,"город Ташкент, Яшнободский район, массив Ташсельмаш",0,0,0,1,0,0,1,1,0,1,0,0,0,0
473,473,4-комнатная квартира на продажу,200 м²,350 000 у.е.,4,3,4,Евроремонт,Кирпичный,"город Ташкент, Мирзо-Улугбекский район, махаллинский сход граждан Хамид Олимжон, улица Достоевского",0,0,0,0,0,0,0,0,0,0,0,0,0,0
474,474,2-комнатная квартира на продажу,55 м²,60 000 у.е.,2,3,4,Средний,Кирпичный,"город Ташкент, Юнусабадский район, махаллинский сход граждан Отчопар-1, проспект Амира Темура",0,0,0,0,0,0,0,0,0,0,0,0,0,0
475,475,1-комнатная квартира на продажу,42 м²,18 500 у.е.,1,1,4,Средний,Панельный,"Наманганская область, Наманган, Давлатабадский район",0,0,0,1,1,0,1,1,1,0,0,0,0,0
476,476,3-комнатная квартира на продажу,68 м²,75 000 у.е.,3,2,5,Средний,Другое,"город Ташкент, Шайхантахурский район, массив Ибн Сина-1",0,0,1,0,0,0,0,0,1,1,0,0,0,0
477,477,4-комнатная квартира на продажу,126 м²,105 000 у.е.,4,9,9,No renovation,No material,"город Ташкент, Яшнободский район, Махтумкули",1,0,0,0,0,1,0,0,0,0,0,0,0,0
478,478,3-комнатная квартира на продажу,92 м²,87 999 у.е.,3,2,3,Средний,Кирпичный,"Ташкентская область, улица Минг терак",0,0,0,0,0,0,0,0,0,0,0,0,0,0
479,479,2-комнатная квартира на продажу,55 м²,60 500 у.е.,2,3,4,Средний,Кирпичный,"город Ташкент, Юнусабадский район, махаллинский сход граждан Атчапар-1, Шахристанская улица",0,0,0,0,0,0,0,0,0,0,0,0,0,0
480,480,3-комнатная квартира на продажу,65 м²,62 000 у.е.,3,4,5,Требует ремонта,Кирпичный,"город Ташкент, Учтепинский район, махаллинский сход граждан Чаманзар, улица Учтепа",0,0,0,0,0,0,0,0,0,0,0,0,0,0
481,481,1-комнатная квартира на продажу,38 м²,41 500 у.е.,1,1,5,Средний,Кирпичный,"город Ташкент, Янгихаётский район, 15-й квартал",0,0,0,0,0,0,0,0,0,0,0,0,0,0
482,482,2-комнатная квартира на продажу,52 м²,35 000 у.е.,2,3,3,Евроремонт,Кирпичный,"Ташкентская область, Ангрен, 6-й квартал, улица Марифат",1,1,1,1,1,1,1,1,1,1,1,1,1,1
483,483,2-комнатная квартира на продажу,55 м²,190 000 у.е.,2,6,7,Евроремонт,Кирпичный,"город Ташкент, Шайхантахурский район, жилой комплекс Boulevard, улица Фурката",1,0,0,0,0,0,0,0,0,0,0,0,0,0
484,484,3-комнатная квартира на продажу,90 м²,99 000 у.е.,3,3,9,Средний,Монолитный,"город Ташкент, Шайхантахурский район, махаллинский сход граждан Жангох, улица Себзар",1,0,0,0,0,0,0,0,0,0,0,0,0,0
485,485,3-комнатная квартира на продажу,90 м²,90 000 у.е.,3,9,9,Евроремонт,Блочный,"город Ташкент, Мирзо-Улугбекский район, махаллинский сход граждан Янги Авайхон, улица Авайхон",1,1,1,1,0,1,1,0,1,1,1,0,0,1
486,486,3-комнатная квартира на продажу,73 м²,62 000 у.е.,3,4,16,Авторский проект,Монолитный,"город Ташкент, Янгихаётский район, махаллинский сход граждан Файзли",1,0,0,0,0,0,0,0,0,0,0,0,0,0
487,487,2-комнатная квартира на продажу,62 м²,67 500 у.е.,2,3,4,Евроремонт,Панельный,"город Ташкент, Юнусабадский район, 12-й квартал",0,0,0,0,0,0,0,0,0,0,0,0,0,0
488,488,3-комнатная квартира на продажу,75 м²,130 000 у.е.,3,8,8,Евроремонт,Другое,"город Ташкент, Яккасарайский район, махаллинский сход граждан Абдулла Каххар, улица Глинки",1,0,0,0,0,0,0,0,0,0,0,0,0,0
489,489,2-комнатная квартира на продажу,76 м²,75 000 у.е.,2,3,9,Средний,Монолитный,"город Ташкент, Алмазарский район, махаллинский сход граждан Орзу, улица Беруни",1,1,0,1,0,1,1,1,0,1,1,0,1,1
490,490,3-комнатная квартира на продажу,75 м²,135 000 у.е.,3,4,4,Авторский проект,Кирпичный,"город Ташкент, Мирзо-Улугбекский район, махаллинский сход граждан Аккурган, 1-й проезд Аккурган",0,0,1,1,1,1,1,1,1,1,0,0,0,0
491,491,1-комнатная квартира на продажу,24.45 м²,40 000 у.е.,1,1,2,Средний,Кирпичный,"город Ташкент, Мирзо-Улугбекский район, махаллинский сход граждан Авайхан, улица Гёте",0,0,0,0,0,0,1,0,0,0,0,0,0,0
492,492,4-комнатная квартира на продажу,130 м²,150 000 у.е.,4,6,7,Евроремонт,Кирпичный,"город Ташкент, Яшнободский район, махаллинский сход граждан Чулпан, улица Махтумкули",1,0,0,0,0,0,0,0,0,0,0,0,0,0
493,493,2-комнатная квартира на продажу,45 м²,69 000 у.е.,2,4,5,Средний,Кирпичный,"город Ташкент, Юнусабадский район, махаллинский сход граждан Кушчинор, улица Еттичинор",0,0,0,0,0,0,0,0,0,0,0,0,0,0
494,494,1-комнатная квартира на продажу,28 м²,39 500 у.е.,1,2,5,Требует ремонта,Кирпичный,"город Ташкент, Мирзо-Улугбекский район, махаллинский сход граждан Навнихол, улица Шахриабад",0,0,0,0,0,0,0,0,0,0,0,0,0,0
495,495,5-комнатная квартира на продажу,99 м²,95 000 у.е.,5,5,9,Средний,Блочный,"город Ташкент, Шайхантахурский район, массив Бельтепа",1,1,1,1,1,1,1,1,1,1,1,0,0,1
496,496,4-комнатная квартира на продажу,146 м²,139 000 у.е.,4,1,4,Средний,Кирпичный,"город Ташкент, Яшнободский район, 1-й квартал, улица Темирчи",0,1,0,0,0,1,1,0,0,1,1,0,0,0
497,497,4-комнатная квартира на продажу,120 м²,169 900 у.е.,4,1,5,Авторский проект,Кирпичный,"город Ташкент, Шайхантахурский район, махаллинский сход граждан Шайхонтохур, проезд Лабзак",0,0,0,0,0,0,0,0,0,0,0,0,0,0
498,498,4-комнатная квартира на продажу,84 м²,99 000 у.е.,4,4,4,Средний,Кирпичный,"город Ташкент, Шайхантахурский район, махаллинский сход граждан Кохата, улица Зульфияханум",0,0,0,0,0,0,0,0,0,0,0,0,0,0
499,499,3-комнатная квартира на продажу,85 м²,145 000 у.е.,3,1,3,Авторский проект,Кирпичный,"город Ташкент, Мирабадский район, махаллинский сход граждан Афрасиаб, улица Якуба Коласа",0,0,0,0,0,0,0,0,0,0,0,0,0,0
500,500,4-комнатная квартира на продажу,112 м²,158 000 у.е.,4,4,10,Авторский проект,Кирпичный,"город Ташкент, Бектемирский район, массив Тараккиёт, улица Яшнабод",1,1,1,1,1,1,1,1,1,1,1,1,1,1
501,501,3-комнатная квартира на продажу,56 м²,75 000 у.е.,3,6,7,Средний,Кирпичный,"город Ташкент, Сергелийский район, населённый пункт Файзли, 2-й тупик Янги Хаёт",1,1,0,0,0,1,1,1,1,0,0,0,0,1
502,502,2-комнатная квартира на продажу,65 м²,84 999 у.е.,2,9,10,Евроремонт,Кирпичный,"город Ташкент, Чиланзарский район, квартал Е",1,1,1,1,0,1,1,1,1,1,1,0,0,1
503,503,3-комнатная квартира на продажу,70 м²,120 000 у.е.,3,1,4,Авторский проект,Кирпичный,"город Ташкент, Шайхантахурский район, массив Джангох",0,0,0,0,0,1,0,0,1,1,1,0,1,1
504,504,5-комнатная квартира на продажу,100 м²,110 000 у.е.,5,5,9,Евроремонт,Панельный,"город Ташкент, Яшнободский район, массив Куйлюк-Центр, улица Тантана",1,1,0,0,1,1,1,0,1,1,1,1,0,1
505,505,4-комнатная квартира на продажу,92 м²,72 500 у.е.,4,5,5,Евроремонт,Монолитный,"город Ташкент, Сергелийский район, махаллинский сход граждан Шукрона",0,1,1,0,1,1,1,1,1,1,0,0,0,0
506,506,3-комнатная квартира на продажу,55 м²,50 000 у.е.,3,8,8,Евроремонт,Кирпичный,"город Ташкент, Яшнободский район, Izzat turar-joy majmuasi, улица Иззат",1,0,0,0,0,0,0,0,0,0,0,0,0,0
507,507,3-комнатная квартира на продажу,71 м²,148 000 у.е.,3,6,8,Евроремонт,Другое,"город Ташкент, Мирзо-Улугбекский район, махаллинский сход граждан Алмачи, 2-й Паркентский проезд",1,0,0,0,0,0,0,0,0,0,0,0,0,0
508,508,4-комнатная квартира на продажу,83 м²,92 000 у.е.,4,1,5,Средний,Панельный,"город Ташкент, Алмазарский район, массив Ходжаева",0,0,0,0,0,0,0,0,0,0,0,0,0,0
509,509,3-комнатная квартира на продажу,67 м²,75 000 у.е.,3,4,5,Средний,Кирпичный,"город Ташкент, Чиланзарский район, квартал Г9",0,0,0,0,0,0,0,0,0,0,0,0,0,0
510,510,4-комнатная квартира на продажу,96 м²,109 000 у.е.,4,2,9,Средний,Монолитный,"город Ташкент, Учтепинский район, массив Изза",1,0,0,0,0,0,0,0,0,0,0,0,0,0
511,511,3-комнатная квартира на продажу,66 м²,115 000 у.е.,3,4,5,Евроремонт,Кирпичный,"город Ташкент, Яккасарайский район, махаллинский сход граждан Конституция, улица Шота Руставели",0,0,0,0,0,0,0,0,0,0,0,0,0,0
512,512,2-комнатная квартира на продажу,52 м²,83 500 у.е.,2,2,5,Требует ремонта,Кирпичный,"город Ташкент, Яккасарайский район, махаллинский сход граждан Богсарай, улица Сарабустан",0,0,0,0,0,0,0,0,0,0,0,0,0,0
513,513,3-комнатная квартира на продажу,77 м²,150 000 у.е.,3,3,4,Евроремонт,Кирпичный,"город Ташкент, Мирабадский район, махаллинский сход граждан Мовароуннахр, улица Садыка Азимова",0,0,0,0,0,0,0,0,0,0,0,0,0,0
514,514,2-комнатная квартира на продажу,60 м²,110 000 у.е.,2,2,9,Евроремонт,Панельный,"город Ташкент, Яккасарайский район, махаллинский сход граждан Богсарай, улица Тафаккур",1,0,0,0,0,0,0,0,0,0,0,0,0,0
515,515,2-комнатная квартира на продажу,50 м²,90 000 у.е.,2,2,4,Средний,Кирпичный,"город Ташкент, Яккасарайский район, махаллинский сход граждан Юнус Раджаби, проспект Шарафа Рашидова",0,0,0,0,0,0,0,0,0,0,0,0,0,0
516,516,1-комнатная квартира на продажу,45 м²,53 000 у.е.,1,3,4,Средний,Кирпичный,"город Ташкент, Мирзо-Улугбекский район, махаллинский сход граждан Асака, 2-й тупик Дархан",0,0,0,0,0,0,0,0,0,0,0,0,0,0
517,517,2-комнатная квартира на продажу,49 м²,35 000 у.е.,2,8,9,Средний,Другое,"город Ташкент, Мирабадский район, махаллинский сход граждан Фуркат, улица Янгизамон",1,0,0,0,0,1,0,0,0,0,0,0,0,0
